family	genomes_sharing_site	median_element_len	left_sig	right_sig
IS1380	549	1656	ACGGCGCGGGAACCAGTTCGCAATAGTAATA	TTAGACTATAAATAGAAAAAGGCGTTTTGAC
IS6	278	820	GGATTTTTCTTGAGCCCCGCACCGGAAACAT	ATATGGCCAGCGGGAAGAATGCCCGGCGGCC
IS5	184	1057	ATGCGAATGCTGAATGCCTTAAGAATGAATA	GAATGAATATGGTATGAGTAACGAGAAAATC
IS3	174	1303	GAGGTCTTAAGCAGCGTTACCGTGATGGTGC	TGCCGCTCTTACCGGCGTGAAGGCTGTGCAT
IS3	164	1445	GAACTGGGGACACAATGCCCGGCGGCGCTGC	TGCACTTGCGCGGGCCTATGGTCAGGCGTCC
IS5	161	1057	TTGTCGGCGTTACCGCCTGCACGGTGGGGAT	GGTGGGGATTGCACATACCTATATTGCGCAA
IS1	143	769	GATGCCAGGAATCGTCCTGGTTAACCAGTTA	GGAAAAGCCTCTGTAATTGTCTGCCCGTTTA
IS630	135	1153	ACCTCGTTACGACAACGGCTTGTGGTTGCTA	TAGTCGTAAAGCCATTTACCTGCTTTTGCTG
IS630	135	1153	GCAAAACGTCTGACGGAGTCGACAACATCTA	TAGTTGCGGTGGGCTGGAAAAAGACAGCAGA
IS3	134	1210	TACCCATTCGGTCTTCAGGCTTCGGAGAAGT	CGGCGCCGCTTTCCCTTGTAGAACTTCGCCA
IS630	130	1153	TATTACGCCCCTACGTTCACGCCTGGCCCTA	TAGGAGATAGTTATACCAATGGAGATATTTT
IS630	126	1153	GAACCCCTGGTTTTCCGTAACCCACATTCTA	TAGGATTGTCTAATCACTGGCTCGTTAGAAA
IS3	123	1226	ACGGATAATCTAGACACTTCTGAGCCGTTGA	TAAATGACTCTGAGGTGTCTGTTAAACCCGT
IS3	95	1210	CGTATCATTCTCTATGAGGTTTGATCTCCTC	GAAAGACGAAGATCTCTGATTTAGCACTGCA
IS3	88	946	GCTTTCCACGCAGGCATTATCGTAGCAGCAG	CCACCGACGGAATATGAAAATCAATATTATC
IS3	88	1445	GCAATCTTCAGGAATTGCCCGGCGGCGCTAC	TGCGCTTGCGCGGGCCTACAGATAACTGCAT
IS5	85	1196	CTTGCCCCGGCCAGAGCTGCGGCTACCTTAG	CTAACGCTACCCTGTTGGAGAGACTGTTTAT
IS3	73	1333	GTACCGGGCTGAGAGGCGGTGTAAGTGACTG	CGGTTTAAGTGAACTGTAGCTGCCATGTTTT
IS5	52	1054	ATCGATTGAAATCAGCTTTAAGGCCAAAGGG	ACCGCCAAAGGGCTAACGCCGAGGTATGTCT
IS3	43	1445	CCCGTAGATGTCTATTGCCCGGCGGCGCTGC	CTGCGCTTGCCGGGCCTACGGGGTCAAAGCC
IS3	43	1445	CCCGTAGATGTCTATTGCCCGGCGGCGCTGC	TGCGCTTGCCGGGCCTACGGGGTCAAAGCCG
IS3	35	1194	TTGCAGGCTGGCCGCGAGGCCTGGGGCGGTT	AATGAATTAATTGAAAAAAGAGAAGTTAACA
IS3	33	1445	GCAGGGAGAGTGTAGGCCCGGTAAGGCGCAG	GCAGCCGCCTCCGGGCATTGAAGCGGGAACG
IS3	31	1445	CTCCGACTGTCTGTAGGCCCGGCAAGCAACT	ACTGCGCCGCCGGGCGATGGCATCAGGCACG
IS3	29	1445	CCGTACCTGATATCTCGCCCGGCGGCGCTGC	TGCGCTTGCGCGGGCCTACGGAGTGTGAGCC
IS3	29	1336	TGATATGGGACTCAGTGGCTCTGAATGGACC	GACTCTGAATGGACCAATGACTGGTATGCAG
IS3	28	1258	ACATATTGCTTGCGGCGCTCTTGAAGAGATT	ATTCTGACGCAATACCTTTCTGTGTCTAAGC
IS3	28	1258	AGCTATCTGGTGCCAGGAAGTGGCAGCAGTC	GATGGCATTCACTGAGCTGACCAGAGTAAAA
IS5	28	1057	TATTATGTATTGGCGTGTTGGCGCTGACCGG	GTCAGCGCCTTCCCGGCATTAATGGGAATAA
IS3	27	1445	GGCTTTGACCCCGTAGGCCCGGCAAGCGCAA	GCAACGCCGCCGGGCAATAGACATCTACGGG
IS3	27	1263	CGGCTGAGCAACTGCGTCTGGCTGAGATTAT	AGCCACTTGTAGAGGCTGTGTGCGGGAACGC
ISKra4	27	2851	AATTAAAGGTCTCTTTCCAGCCGCTCAAATA	GCTCAAATACGCCTGTCCATAGGTCATTGCT
IS3	25	1445	TCTCTCCCGCTTCAATGCCCGGCGGCGCTGC	CTACGCCTTACCGGGCCTACACGCGGCTCCG
IS3	25	1445	CGGGATGAGATCGTAGGCCCGGTAAGCGCAG	GCAGCGCCACCGGGCAAGACGTTAAATCCCG
IS3	24	1230	CCCAGGATTAGATACAACCTTCAGTTAGTAA	GTTGTAGTTAGATGGTTTTGAACAGGTGATA
IS3	24	988	ACCGCAGCGGGAGGAGGTAGTCCATCCCATT	AGCCAGTGTCATGACGCCGGTTATTCCTGAT
IS5	23	1056	TCCTTTTGCTAATTCCTCATTAACTTTTGCT	CAACGCGATCTGCTTGACCACTATTTCATTG
IS1	23	768	TGTGTTTTCAGGTAATACGCACGCTTTCAGG	TAAAATTGGTTATAATTTTTCTATTTCTGCA
IS5	23	1057	TACTGTTTGGGCAGGATCACCAGCAAAAAAG	GCAAAAAAGATATCTAATAATTATCCCGAAC
IS3	22	1445	AGCTCCTATACCGTAGGCCCGGCAAGCGCAG	GCAGCGCCGCCGGGCGATGACCACAGGCATG
IS3	22	1336	TTGCTCTGGAAGCTGCCCATATCAGATGGAA	CCATATCAGATGGAAGCAGCACCATGGCCCT
IS3	21	1303	CGCCCGGCCTGTTCTCCGGCGCGCGGATGCA	GCAGGGACCAGACGTACAGCGGCAGCTTCCA
IS3	21	1206	TGCGAATTTTGTGTGCGCTAAAAATAGAACA	CCACGCCTGACGGATGAGCTTCGTGCCCAGG
IS3	19	1092	TTCCACGCACTTTTTGAGATTTCCCGGGTTT	TCATTCAGTTCGTCATAGCGCCAGGGATCGC
IS3	19	1258	TTTTACTCCGGTCAGCTCAGTGAATGCCATC	GACTGCTGCCACTTCCTGGCACCAGATAGCT
IS5	18	1196	TGTGTTTTCTTGCACCTACTCAGATTGTTAG	TTAGACTTACCTACCTAATCAAGTCTCAGCT
IS5	18	1054	AATACTGTTGTATTAATTATATCTAATTGTT	ACCCTAATTGTTTTGTTTTGGCCTTTTTAAG
IS6	17	820	ACAAGTCATAACACCTATTCATGCACTCGGA	CCACATCTTTTGTCACCAACGAGCGGCTGCC
IS6	17	820	ATTTGTGTAGGGCTTATTATGCACGCTTAAA	CCAGTGGTTTTCCGGTGCCACGTAATCCTTT
IS5	17	1196	AACACGCAGAAAATCGCTTTAAATGCCCTAG	CTAGCTTTTTTGTACAACAGGTTTTTACAAC
IS3	17	1303	AAAAAATGGCACTAACTGAAAGATGTCAGTC	ATCTGCTTCCTCATATATATCTACATTCCCC
IS3	17	1259	GCTCTTTGACTAAGGGCGTAGCCGTGATCAC	CACATGCACCTGCTGACTCTTCGTAAAGCTC
IS3	16	1598	GGTGTAGTAGCTAAATTGAGATGTCCATCTC	CCTCTGACCAAATAGACATGTCCGCGCTACC
IS5	16	1054	CACCACCTGGGCGCGCGCACCGCCTTTGTAG	ACCCCTTTGTAGTACTCGCCCATCTCAATCG
IS3	16	1445	ACCGTGCCTGAATATTGCCCGGCGGCGCTGC	TGCGCTTGTACGGGCCTAAACGCCAGCCGGA
IS3	16	1598	GTGTAGTAGCTAAATTGAGATGTCCATCTCG	CTCTGACCAAATAGACATGTCCGCGCTACCG
IS3	16	1596	GTAGTAGCTAAATTGAGATGTCCATCTCGGG	CTCTGACCAAATAGACATGTCCGCGCTACCG
IS6	15	821	CGGCGAGCTTTGATCAACGACCTTTTGGAAA	CTGATAAATCTGGAGCCGGTGAGCGTGGGTC
IS3	15	1210	AGTTAATAACAGATAGTCAGTCAAATAAAGT	CCACTATAGGATACTGAAGCAGCCATCCGAT
IS5	15	1054	TGAAATCTTTAGCGATCAGCAAAAGTTACAC	ACCAAGTTACACCGATTGTTCAATGCCGATG
IS5	14	1056	GATGAAAAAATTGAAGAGATCAGGGCCAAAC	GGGCCAAACTACATGAGTTAAACCGGAAAGC
IS3	14	1445	TTGGCCTGAAACAGCTGCCCGGCGGCGCTGC	TGCGCTTGCGCGGGCCTACGGGGGGAACCCG
IS91	14	977	TGGCCAAGACGGGCGCGGTCACCCTGATCCA	CAACGATACCAATCAAAATGCTGCGTTCACA
IS1	13	768	TTAGCCAAGTGGATTATGCCGGGAAAAGATG	AAAAGATGGCGGCGGATTTATCGTGACCGTT
IS4	13	1329	ATATGCGCATTGCTGCGACCGGGACAGAGCG	GACAGAGCGTCCCATAGACAAATAGCGGTTT
IS3	12	1259	GACACAGCTTCAAGGGCGCTTAGATGTAAAA	AAGGATATTGCCGCTTTACTACCGTGGAAAA
IS6	12	891	GTAAGCCAGACATCTCCGGAGCGGAACGCAT	GGAACAATTCAGCCACTGCACCCATGTTCCG
IS3	12	1206	CCAGCCTTAGTTTTCGTACCCTTGGTTATAC	TGAAGAGCGGTTGCATATTTCAACTTCTTTG
IS5	12	1057	TCATATCATCAGCGGATTATTGATCGCCCCT	ATCGCCCCTTTAACGTTATATGCCGCAACAT
IS5	12	1196	GCTGGGTCATATCATCGCAATGTTTAACTAA	CGAACTATTTATCGGAGGTGGTTTATGAGCG
IS1380	11	1656	ACGGCAGTGGCACGTGTTCATATAAAAAATA	TTAGACTATAAATAGAAAAAGGCGTTTTGAC
IS3	11	1094	GCTGATAAGTAGGCGCATTATATGGGTAAAT	AAATATTAATGAGGGTAATAAATAATGATGA
IS630	11	1153	ACCCATGACTTGTCGTCGCCTAATCGTACTA	TAGTGCGGATGGCTTCAATGCCAGCAACATA
IS66	11	2442	TTTTTGCAATTTTATGATGTACTGCTGGTGC	GCTGGTGCGAAGGGCTGGCGCTGCTGTTGCA
IS5	11	1196	CCGAGAAGCGTGACCTGAAGGATTTACCTAG	CTAGGCCTAAAAAGCAAAAACCCCGCCGTCT
IS3	10	984	CCATTTTTCCGTGATTTCCCGCACTTCATTC	TCACGCTGCATTCGAGTGGCGACAGGCAGGT
IS3	10	1259	GCGGGCAATGAAGCAGCTAGGATGCCTTACC	CCCAGCTTATTAGCCAGCACCAAGTCTCCAG
IS3	10	1249	GCCTTCTCGCCCAGCGGCGCTAAAGATGACC	GTCGGACTGGTTTATCTGACCGGCTGGTTTT
IS3	10	1249	GGCAGGAACTGCAGCTGGCGCAATCAGAAAA	AAAACATAATGCAGACAATGAACTCAGGAGC
IS630	10	1153	GGAAGTTTCACTCAGTCCTTTACCGATCCTA	TAGAGGTTTTTAAAGAGCAAAGACAAACGAG
IS3	10	1336	CGCCACTGCAAACCCTGCTCAATGTCTCCTG	GCTCAATGTCTCCTGGCATCTGAAGGGCTAC
IS30	10	1247	ACCTTTTCTTACCACGTCAACTGCGCTTATC	TTTCTGCTCAGCGAATCCGCCCACTCCGTGC
IS30	10	1225	CCACGTCAACTGCGCTTATCGTCCGCTTCTC	TCATAGCGGACTTTCTGCTCAGCGAATCCGC
IS3	9	1210	TTCCACGCACTTTTTGAGATTTCCGGGGTTT	AGGTGAGGGGTAAAGAAAAAGCCGCCTGCTG
IS5	9	1196	TTTCTATTCCGGTGGCGCCCAGCTCTTTTAG	TTAGTACATTGACCATGGTGTCACCACCGGT
IS110	9	1327	GGGTCAGACTTCCAACGACTGCAAAACGGAA	AATGTGAGCTAACGGGCGGCTTAGATGCTGT
IS30	9	1239	CAGGGCATAGTGAGGAAATGGTCTGTTATGA	GGCAGTTATTGTTGATCTCGCGATGTTTTTT
IS110	9	1374	TAAGCCCGTCGGGGTGATGTTCCACAGTGAT	CAGGGCAGTCATTATACGAGCAGGCAGTTCC
IS5	9	1195	GGTCAGGATAACCCGTAGCGTTAGTGACGAG	TTAGCGGTGCGCGACATAGGTGCGTGAATTT
IS5	9	1195	AAAAGCGTTTTGGGCTGACTAAATGAATTAG	CTATCTCTCCTGGCACGAAGCCGCTGGTCGT
ISL3	9	1316	TGCTCGGCGCTTAAAACTACTGTACATAAAA	ACATAAAAACAGTATTTATCGGAGGGCAGAT
IS1	9	768	TAAGATGCGTCCATTCCAGGTATTAGAAATG	TTAGAAATGCTGCTTGCATAAACTTTTCATC
IS5	9	1195	ATTTTCGCCGGTGATATTGCCGAGGTTATAG	CTAGCGGCGGTGGCAAGGCCGGTCCACGAAT
IS3	9	1445	GGTTCAAACAGCGTAGGCCCGGCGGCGCTGC	GTAGCGCCGCCGGGCGATACACATCAGACGC
IS3	9	1445	TGTGCCTGATGGCATCGCCCGGTGGCGCTGC	TGCGCTTACCGGGCCTACGAGGTGTGAGCCT
IS5	9	1054	GCTGAGTCGTCTGCTCTCCCACACCCGGCAG	ACCACCCGGCAGCAAAAAACCACCGCCGACC
ISNCY	9	1596	CAGGAGAAAAAGGCTATTGTTAACACCAAGC	TATAGTCATTCGCACCCTGAGAATTACACTT
IS5	9	1196	TCCCAGTCCAGGGCATTTTTAAAACAACTAA	CTAACGCTGTATCCTCCGAGTTTTGGTTTAA
IS5	9	1196	TCAGGCACCATCTCGACGGCCAGAGCGCTAG	CTAGGTTTAATAACGATAGTTTTGCTGTCTG
IS5	9	1196	AAAATGTATCAATATTAGTCTATTGTATTAG	TTAGACTGAACCTTCCTTTTAAATGATTTGC
IS5	9	1057	TCGCCAGATGACTGATTTTTATCATCACTTT	CCATCCCGCGTAGAACGCCGCCTGGGCGACC
IS5	9	1196	GGATAAAGGAGATAATTATGGATAGCGCTAA	CTAAGGACAGTGGCAGAGAAATGCTGGCGGC
IS5	9	1056	ATAATTTTTCTACTCATTTTAACCTTGATAG	CCTTGATAGCCAGCCGACTGCGTACCAGACT
IS1	9	768	AACAGAAAGTATTTCACGGCTAGAGATAAGC	GAGATAAGCTTTTAATATTTACGGTTATCGC
IS5	9	1195	GACAAAAGGTTTTTATTCCCATTAAACTTAG	TTAGATACTATCGCCTGATATGACCTAAAGT
IS5	9	1196	ATGCCTGGACGTCGATATGTTTACCTATTAG	CTAGCTCCAGGTTCTTCACCTTATCAGGCCA
IS5	9	1195	TCAAAAACAAATGGAGTAGTCATTATGTTAG	TTAGTGTCGATGAAGGACATGCTTCAGCATG
IS5	9	1057	CTTCGGGTGTTGTCCTGTCGCCAGTAATTCA	AGTAATTCATAGAAATGGTCAAGGCTGCGGG
IS110	9	1491	AAAAAGCTTTAATTACTCATGACAGTCCGCT	CCTCGCTCTAAGCGGACTGTAGTAACAGCAT
IS21	8	1927	CGCGCAGAGATTGTAATGAACCAGTACTTTG	ATGATCACCGTATCGTGATCTCGGTCACCAC
IS110	8	1327	AAATAAAGCATCCGCTCTCCTTAAAACAGAA	AATATCGTTGCGCCATCGGCAGAACGTCTGC
IS110	8	1327	ATTATTGTCACTTTTCTTTTGCTGAGATATT	TTCCGTTTATTAATGCCTTTGAAGTCACTCA
IS5	8	1196	TGTTTGTCAGAGATTAATGACAGTGCATTAG	TTAGCGATCAGCTCATCGCTAAATATCGAGG
IS5	8	1196	ATTCTAATACGAGTATTCCGCTTATTGCTAA	CTAAGTCCCACATGTGTAGGGAAGACTCCAG
IS481	8	1096	GTGACGGAATCCTCAGCCGATCTCACGGCCT	GGCCTGTGACTCAGGGCGTGAGATCGGGTAT
IS5	8	1196	ACATAACCGGTATTTCATAAGTTCTTCTTAG	CTAGCTTGGTTTGGATTCTATATATGAAATC
IS5	8	1056	GTCTTTTCACCGTTTGTCTTATCCAGCTCTA	CCAGCTCTATTGACAGATGTTCAACGTTGAC
IS481	8	1094	CATACTAACTTTGCTTTTTGCTGTTGTAACC	TAACCTTGATAAAGGATCGCACTCTGATCTA
IS5	8	1057	ACGGAGATGGTGCAAGTTACAGGCAACTTGT	GCAACTTGTAAACAAGATGAATGTTCTTGAA
ISNCY	8	2278	AGTGACATCAGAATATTGGAGTTACAACATA	ACATAAGTGCGCATAATGTATATTATGTTAA
IS66	8	2532	ACTAAACTACTGGAATACACATCTGAAAAGA	TGAAAAGACACCGCCATGCATTAAATAAAGC
IS1	8	750	TGTAATTCCGTGGGGAGTGGATGATTATGGC	GGCAGCATCACCTAGCTTTATTGTGAGGTAA
IS1	8	768	TTGGGTGAAGATAACTCCATTACACATCTGG	CAAAAATAGCAGTCAAATCAATATGAGGTAA
IS3	7	1086	TTTCAACAGACAGTACTGAGATGACGCTTAC	AGCATCACCTGTTGTTGCATGACAAATCAGC
IS1	7	768	CTCACCCAAAATTGAAGAGAATGTCGGGGAT	GTCGGGGATTTCCGCCTGATGTCGCGTTCAG
IS6	7	821	TCAATTGGCGTTAGAGATGACAGAATTTTTA	ATGTCGGGAGCCACGGACGACCGCGCAGGGT
IS3	7	1221	AAAACGGACTTGATAACAGTATTTGCTGCCC	ACGGAGGCTAATGCTAATACAAAAAGTGTGT
IS1	7	768	TTGCTGGAAAGGCTGGGCCATACTCCTCCGG	GACAATCAGGAGCAATAATATCTATATTTTT
IS3	7	1445	TTACTCAACACCGTAGGCCCGCGCAAGCGAA	GCAGCGCCGCCGGGCAAGCTGTACCAAACCC
ISNCY	7	2278	TTAACATAACGTACATTAAGCGCACTAATGC	AATGCTGTCAGCACAAAGCGTTATTGTCGTC
IS3	7	1320	ACCGGACTCATTGCACCTAATGATAGTAGAC	ATCCAGATAGCTTGATACGTTTCTCGTTATA
IS110	7	1296	GATAGAAAGGGATCACCTACCTATCCCTTCA	ACGGAAGTTCGTAAAACGCAGACAATATCGA
IS5	7	1057	CCATGGCGCTGATATAATTAGCGATTGTTTG	GATTGTTTGTTGCGATCTCTTCTTCTGGAGA
IS3	7	1331	TCTTCCTGCATAAGCAGCGTGTCATAGTTGG	GTTGGCCTCGTCAAAACGCTCACGTGTTTTC
IS3	7	1331	AATGGTTAACGGGAGTGTTGTGGAGGGGATC	GGATCATCCCGGCTAACTCTGAATTTAAGAT
IS3	7	1331	TGTCTTTGCTGGCGACCAACGCATCGACAAT	ACAATCGCCTGAGCATCACATTTATGTTGAG
IS3	7	1331	GTTAAGGTAAAAAAGCGAGACTCCCGGTGGG	GTGGGTTTCACAGGTATAGGCGTTTTTAATA
IS3	7	1331	CTGAATTAAATCGAACCGCAAGAGTGGCTCT	GCTCTCCACCCTGTATCTCTATCTTGTAAGG
IS3	7	1221	TCCAGCGAAATAATAATAAAGGGAGGCGCCG	GCCGTATCAGCTTTAGATGAAAACGGGAAGG
IS3	7	1331	TGTGGATCCAGACTGATGTCTCCTCCAGTAC	AGTACGATTAATAAAAAGGCGTATGAAGGGA
IS3	7	1331	AGACAGTAAATCCGGTGTGTTTTCTTGTGGT	GTGGTTAACAGGCCAGCCTTCCCGCCGCAGC
IS3	7	1221	CAAGTCAGAAGATAACCCGCTGCTGAACGGC	AAACACTAACAAAGTGAGCTCGACAGCTAAT
IS3	7	1331	GGCGTTGCGACCCTGCTGGTAACTTACTAAT	TAATTATCAATGCCTCTCATTTATATGAGAG
IS1	7	750	ATGAGGAGATTAGTAGAGAGGTGATGCTGCC	GATTATGGCGATATGTATTCCCGGCGGCTGT
IS5	7	1057	GCGCAGAAATATGACCTCTCTATTAATCGTT	TTAATCGTTATAAAGAAGTGGTGTATCAGGC
IS5	7	1057	GACTTTATCCGCCCATCGGCATCCGTTTTAC	CCGTTTTACCGGTGGCGATATGCTGCCAGCT
IS5	6	1056	TTGATATCAAAAAATTTTTTAGTATAGATCA	TATAGATCATATAACCGTATGAAAAAGTATG
IS3	6	1221	AAAAAATCCTGTTCTTTTTAGCTAATTCTTC	ACAGATGTGCTTGAAGCGGTAAGGCATGAGC
IS3	6	1221	TTATATGAGTGTTTGGAAGCGCACGTACCAA	CCAATGGTAGGATGCTTCAGATTTATTCTTG
IS3	6	1445	GGATCACACCTCGTAGGCCCGGTAAGCGCAG	GCAGCGCCACCGGGCGATGCCATCAGGCACA
IS5	6	1196	TGTGGCGTTATGTTGAAAGTGATTTACTTAT	TTAGTGTAATTGACCGCTGGTTAAATGAACG
IS3	6	1207	TACATTCAACGCGATTAAAGCTTGGCGTGCT	CATTTACCTGCCGTTCTAACGAAGTACCTGA
IS3	6	1258	CTTTTTCCGCCTCTACTGCCGGCAGCAGAGG	AGGAGCGAATAACAGTGTCGCGAGGCAGGTG
IS3	6	1260	AAGTGTCCGCTTTGAGTAGGCAATCTGAGGG	GGTATTGATACACCGCCAACATAATAACTAT
IS1	6	768	CACTATAGTATAATAAATATATCAGAGCACC	CGAATTACCAGCGTCTGCTCTTGGCACGGAG
IS1	6	768	AAAATAAGAGAGGACAAACAATGAAAGAAAA	GAAAGAAAATACTGAAAACAACGTAAAGCGA
IS5	6	1054	AACCGCGCAGGAAAGATTTTATCATTCGGGG	ACCCATTCGGGGTTAAGACCGCCGCCAGCCC
IS3	6	1445	TTTAAACCGGTCCATCGCCCGGCGGCGCTGC	CTGCGCTTGCCGGGCCTACGGGATAACCCCT
IS5	6	1056	ATTTATAGGCGCTAACCTTGATGTGCTTCCC	GTGCTTCCCGTTAAGTTCGGGAATATGTATA
IS3	6	1249	GGCTTTAATTATGGATTATGGAATTCTATAT	TATGTTCTGAAAAGGATTTATCCATGAGTGT
IS5	6	1057	GTTATCATTTATCGTAATTATATAAACCATC	GGGCCGGTTAAAAAACCAGCCCCTGAAAGAT
IS5	6	1056	CTTCGAACCACTGCATGTGGCGCAGCAGTAG	CAGCAGTAGTTAACCAATAACATCATTACTT
IS5	6	1056	GTTCCGTCCCGCCGCCGTGCTGGATCAGAAC	ATTGCCAAACTTAACGGGCAACAAATCCAAC
IS3	6	1249	GAAGACCATTATCATCACGATCATTCACGAC	GTACGGACATGTTCCAGTTCTGTAAAGTAAT
IS3	6	1249	TCGTTGGACACGCTCACGCAAATGTCTGCTA	ACGTTCGTTGTTTGCAAGAAGGGTACGAAGC
IS5	5	1056	AACAATAAGCTCCGGTAAAGCAGCGCGAATG	GTCCGGCGGGCACAGTATTTCAATGCACCGC
IS3	5	1445	GCTCCGACTGTCTGTAGGCCCGGCAAGCAAC	AACGGCGCCGCCGGGCGATGGCATCAGGCAC
IS481	5	1096	TTAACATCTGATGAAACTCGTTTCAATGCTC	ACTGCAAGCTTTGTATTTCTTGCGAATAGTA
IS5	5	1196	AGATACGATGAAAACAATAAAAATTCTCTAG	CTAAGTTAATGGCGCCCTTACTTGATGAGGG
IS5	5	1196	GTGTAATATGTCCGCAACTCTAGGTGTTTAG	TTAGGTAAAGTACAGAATGAAGACGCTTAAA
IS3	5	1259	TGGTTGTGCTAAAGACCTGGGGAACGCTACT	CCCTCAGATTGCCTACTCAAAGCGGACACTT
IS3	5	1259	CCAGCATCTCATCGTGTGAGAACCACACTAC	TACTCCCACCCTCATAACACCTTTAAACCAT
IS3	5	1221	ATGACATCCCCTGAATTAGATACAAACATTT	ATGTGTTGCGCCATACGTTTGCGAGCCATTT
IS3	5	1229	TTTTGAGATCATTGATCAGTGCATAGCCACT	ATTACTGCAAGGGGAAAGCAGGTACGCCAGT
IS110	5	1374	CCAGAGCGGCGCGGGCCGCACCGGTACCCTG	TTCGCTATGGAGCAGATGGGCGTCGCGGCGG
IS1	5	768	TGTCGGCAGATCTTATTTTCTGCGGTAGTAA	CGGTAGTAAAACCTTCCTCTCTGGCAATAAA
IS5	5	1057	GCGCTGGTGAGGGCTAATTTACCGGATGTGC	CGGATGTGCCTGAAAAAAGACATTGCAGCAT
IS1	5	768	GAATATAGTTGTAGCAGAAGAAGGCAAAGGC	GGCGCGGCGGATATGCAGATATCCGTCGGCC
IS3	5	1221	AGTAAGGGGCCGCGTAGCCCCTATGCCGGCG	GCCGTGTTAATTAAAGAGATATCTCACAGGC
IS66	5	2454	GCTTTCTTGTTCAAAACAGCCTGGTTTATGG	GTTTATGGCGGCGGTGATGTTATTTCCCAGC
IS5	5	1057	CGCCAAAGGCGCCGGCGCGATAGTTCTCCGC	GGTTGAAGCATAATGGATTTTTTAAGTGCAT
IS6	5	821	ATCGACCACTTCACGCGCATCGTCTTCTTCT	ATTTGCTCACATCCAGCTTTTGTTAGTTCGT
IS6	5	793	GCGCATTGAGCGACATAACCTGAATCTGAGA	GGGGTCTGACGCTCAGTGGAACGAAAACTCA
