isolate	arm	n_plasmid	recovered	whole	precision	recall	tp_fp_fn
GCF000010465v1	base	0	0	0			
GCF000010465v1	model	0	0	0			
GCF000010465v1	careful	0	0	0			
GCF000010465v1	aggressive	0	0	0			
GCF000010465v1	spades	0	0	0			
GCF000597965v1	base	1	1	0	1.000	1.000	5/0/0
GCF000597965v1	model	1	1	0	1.000	1.000	3/0/0
GCF000597965v1	careful	1	1	1	1.000	1.000	1/0/0
GCF000597965v1	aggressive	1	1	0	1.000	1.000	3/0/0
GCF000597965v1	spades	1	1	1			0/0/0
GCF001975005v1	base	1	1	0	1.000	0.800	4/0/1
GCF001975005v1	model	1	1	0	1.000	1.000	3/0/0
GCF001975005v1	careful	1	1	0	1.000	1.000	3/0/0
GCF001975005v1	aggressive	1	1	0	1.000	1.000	3/0/0
GCF001975005v1	spades	1	1	0			0/0/0
GCF001975045v1	base	1	1	0	1.000	1.000	3/0/0
GCF001975045v1	model	1	1	0	1.000	1.000	3/0/0
GCF001975045v1	careful	1	1	0	1.000	1.000	3/0/0
GCF001975045v1	aggressive	1	1	0	1.000	0.750	3/0/1
GCF001975045v1	spades	1	1	0			0/0/0
GCF002025125v1	base	0	0	0			
GCF002025125v1	model	0	0	0			
GCF002025125v1	careful	0	0	0			
GCF002025125v1	aggressive	0	0	0			
GCF002025125v1	spades	0	0	0			
GCF002025145v1	base	1	1	1		0.000	0/0/1
GCF002025145v1	model	1	1	1		0.000	0/0/1
GCF002025145v1	careful	1	1	0		0.000	0/0/1
GCF002025145v1	aggressive	1	1	1	0.000	0.000	0/4/1
GCF002025145v1	spades	1	1	0			0/0/0
GCF002097595v2	base	0	0	0			
GCF002097595v2	model	0	0	0			
GCF002097595v2	careful	0	0	0			
GCF002097595v2	aggressive	0	0	0			
GCF002097595v2	spades	0	0	0			
GCF002204555v1	base	0	0	0			
GCF002204555v1	model	0	0	0			
GCF002204555v1	careful	0	0	0			
GCF002204555v1	aggressive	0	0	0			
GCF002204555v1	spades	0	0	0			
GCF002633765v1	base	0	0	0			
GCF002633765v1	model	0	0	0			
GCF002633765v1	careful	0	0	0			
GCF002633765v1	aggressive	0	0	0			
GCF002633765v1	spades	0	0	0			
GCF002633785v1	base	0	0	0			
GCF002633785v1	model	0	0	0			
GCF002633785v1	careful	0	0	0			
GCF002633785v1	aggressive	0	0	0			
GCF002633785v1	spades	0	0	0			
GCF002633805v1	base	1	1	0		0.000	0/0/3
GCF002633805v1	model	1	1	0	1.000	1.000	3/0/0
GCF002633805v1	careful	1	1	0	1.000	1.000	3/0/0
GCF002633805v1	aggressive	1	1	0	1.000	1.000	3/0/0
GCF002633805v1	spades	1	1	0			0/0/0
GCF002633825v1	base	1	1	1		0.000	0/0/1
GCF002633825v1	model	1	1	1		0.000	0/0/1
GCF002633825v1	careful	1	1	1		0.000	0/0/1
GCF002633825v1	aggressive	1	1	1		0.000	0/0/1
GCF002633825v1	spades	1	1	1			0/0/0
GCF002633845v1	base	0	0	0			
GCF002633845v1	model	0	0	0			
GCF002633845v1	careful	0	0	0			
GCF002633845v1	aggressive	0	0	0			
GCF002633845v1	spades	0	0	0			
GCF002895385v1	base	0	0	0			
GCF002895385v1	model	0	0	0			
GCF002895385v1	careful	0	0	0			
GCF002895385v1	aggressive	0	0	0			
GCF002895385v1	spades	0	0	0			
GCF003031425v1	base	0	0	0			
GCF003031425v1	model	0	0	0			
GCF003031425v1	careful	0	0	0			
GCF003031425v1	aggressive	0	0	0			
GCF003031425v1	spades	0	0	0			
GCF003111725v1	base	2	2	0	0.054	0.400	2/35/3
GCF003111725v1	model	2	2	0	0.556	1.000	5/4/0
GCF003111725v1	careful	2	1	0	0.625	0.833	5/3/1
GCF003111725v1	aggressive	2	2	0	0.545	1.000	6/5/0
GCF003111725v1	spades	2	2	0			0/0/0
GCF003184985v1	base	1	0	0			0/0/0
GCF003184985v1	model	1	0	0		0.000	0/0/1
GCF003184985v1	careful	1	0	0			0/0/0
GCF003184985v1	aggressive	1	0	0	0.000		0/4/0
GCF003184985v1	spades	1	0	0			0/0/0
GCF003194005v1	base	1	1	1	1.000	1.000	1/0/0
GCF003194005v1	model	1	1	1	0.333	1.000	1/2/0
GCF003194005v1	careful	1	1	1	0.333	1.000	1/2/0
GCF003194005v1	aggressive	1	1	1	0.333	1.000	1/2/0
GCF003194005v1	spades	1	1	1			0/0/0
GCF003945405v1	base	0	0	0			
GCF003945405v1	model	0	0	0			
GCF003945405v1	careful	0	0	0			
GCF003945405v1	aggressive	0	0	0			
GCF003945405v1	spades	0	0	0			
GCF003945425v1	base	0	0	0			
GCF003945425v1	model	0	0	0			
GCF003945425v1	careful	0	0	0			
GCF003945425v1	aggressive	0	0	0			
GCF003945425v1	spades	0	0	0			
GCF005931015v2	base	0	0	0			
GCF005931015v2	model	0	0	0			
GCF005931015v2	careful	0	0	0			
GCF005931015v2	aggressive	0	0	0			
GCF005931015v2	spades	0	0	0			
GCF005931035v2	base	0	0	0			
GCF005931035v2	model	0	0	0			
GCF005931035v2	careful	0	0	0			
GCF005931035v2	aggressive	0	0	0			
GCF005931035v2	spades	0	0	0			
GCF005931055v2	base	0	0	0			
GCF005931055v2	model	0	0	0			
GCF005931055v2	careful	0	0	0			
GCF005931055v2	aggressive	0	0	0			
GCF005931055v2	spades	0	0	0			
GCF007185035v1	base	1	1	0		0.000	0/0/5
GCF007185035v1	model	1	1	0	1.000	0.800	4/0/1
GCF007185035v1	careful	1	1	0	1.000	0.750	3/0/1
GCF007185035v1	aggressive	1	1	0	1.000	0.750	3/0/1
GCF007185035v1	spades	1	1	0			0/0/0
GCF008619075v1	base	1	1	0	0.500	0.400	2/2/3
GCF008619075v1	model	1	1	0	1.000	1.000	4/0/0
GCF008619075v1	careful	1	1	0	1.000	1.000	5/0/0
GCF008619075v1	aggressive	1	1	0	0.750	1.000	6/2/0
GCF008619075v1	spades	1	1	0			0/0/0
GCF008620175v1	base	1	1	0	1.000	1.000	4/0/0
GCF008620175v1	model	1	1	0	0.667	1.000	4/2/0
GCF008620175v1	careful	1	1	0	0.800	1.000	4/1/0
GCF008620175v1	aggressive	1	1	0	0.600	1.000	3/2/0
GCF008620175v1	spades	1	1	1			0/0/0
GCF009176785v1	base	1	1	0		0.000	0/0/1
GCF009176785v1	model	1	1	0		0.000	0/0/1
GCF009176785v1	careful	1	1	0		0.000	0/0/1
GCF009176785v1	aggressive	1	1	0		0.000	0/0/1
GCF009176785v1	spades	1	1	0			0/0/0
GCF009911895v1	base	0	0	0			
GCF009911895v1	model	0	0	0			
GCF009911895v1	careful	0	0	0			
GCF009911895v1	aggressive	0	0	0			
GCF009911895v1	spades	0	0	0			
GCF009911965v1	base	1	1	0	1.000	0.667	2/0/1
GCF009911965v1	model	1	1	0	1.000	1.000	3/0/0
GCF009911965v1	careful	1	1	0	1.000	1.000	3/0/0
GCF009911965v1	aggressive	1	1	0	0.600	1.000	3/2/0
GCF009911965v1	spades	1	1	1			0/0/0
GCF009912195v1	base	3	3	1	0.273	1.000	3/8/0
GCF009912195v1	model	3	3	1	0.500	1.000	3/3/0
GCF009912195v1	careful	3	3	1	0.500	1.000	3/3/0
GCF009912195v1	aggressive	3	3	1	0.375	1.000	3/5/0
GCF009912195v1	spades	3	3	1			0/0/0
GCF009912375v1	base	1	1	1	1.000	1.000	1/0/0
GCF009912375v1	model	1	1	1	1.000	1.000	1/0/0
GCF009912375v1	careful	1	1	1	1.000	1.000	1/0/0
GCF009912375v1	aggressive	1	1	1	1.000	1.000	1/0/0
GCF009912375v1	spades	1	1	1			0/0/0
GCF009912455v1	base	0	0	0			
GCF009912455v1	model	0	0	0			
GCF009912455v1	careful	0	0	0			
GCF009912455v1	aggressive	0	0	0			
GCF009912455v1	spades	0	0	0			
GCF009912475v1	base	0	0	0			
GCF009912475v1	model	0	0	0			
GCF009912475v1	careful	0	0	0			
GCF009912475v1	aggressive	0	0	0			
GCF009912475v1	spades	0	0	0			
GCF009912535v1	base	0	0	0			
GCF009912535v1	model	0	0	0			
GCF009912535v1	careful	0	0	0			
GCF009912535v1	aggressive	0	0	0			
GCF009912535v1	spades	0	0	0			
GCF009912595v1	base	0	0	0			
GCF009912595v1	model	0	0	0			
GCF009912595v1	careful	0	0	0			
GCF009912595v1	aggressive	0	0	0			
GCF009912595v1	spades	0	0	0			
GCF009912795v1	base	0	0	0			
GCF009912795v1	model	0	0	0			
GCF009912795v1	careful	0	0	0			
GCF009912795v1	aggressive	0	0	0			
GCF009912795v1	spades	0	0	0			
GCF009912815v1	base	0	0	0			
GCF009912815v1	model	0	0	0			
GCF009912815v1	careful	0	0	0			
GCF009912815v1	aggressive	0	0	0			
GCF009912815v1	spades	0	0	0			
GCF009913075v1	base	0	0	0			
GCF009913075v1	model	0	0	0			
GCF009913075v1	careful	0	0	0			
GCF009913075v1	aggressive	0	0	0			
GCF009913075v1	spades	0	0	0			
GCF010364725v2	base	1	1	0	0.045	0.200	1/21/4
GCF010364725v2	model	1	1	0	0.417	1.000	5/7/0
GCF010364725v2	careful	1	1	0	0.500	1.000	5/5/0
GCF010364725v2	aggressive	1	1	0	0.455	1.000	5/6/0
GCF010364725v2	spades	1	1	0			0/0/0
GCF011032785v1	base	1	1	0	1.000	1.000	5/0/0
GCF011032785v1	model	1	1	0	1.000	1.000	5/0/0
GCF011032785v1	careful	1	1	0	1.000	1.000	5/0/0
GCF011032785v1	aggressive	1	1	0	0.556	1.000	5/4/0
GCF011032785v1	spades	1	1	0			0/0/0
GCF013836525v1	base	1	1	0	0.000		0/3/0
GCF013836525v1	model	1	1	0	0.000		0/2/0
GCF013836525v1	careful	1	1	0			0/0/0
GCF013836525v1	aggressive	1	1	0	0.000		0/2/0
GCF013836525v1	spades	1	1	0			0/0/0
GCF013836745v1	base	1	1	0			0/0/0
GCF013836745v1	model	1	1	0			0/0/0
GCF013836745v1	careful	1	1	0			0/0/0
GCF013836745v1	aggressive	1	1	0			0/0/0
GCF013836745v1	spades	1	1	0			0/0/0
GCF014696255v1	base	0	0	0			
GCF014696255v1	model	0	0	0			
GCF014696255v1	careful	0	0	0			
GCF014696255v1	aggressive	0	0	0			
GCF014696255v1	spades	0	0	0			
GCF014696415v1	base	0	0	0			
GCF014696415v1	model	0	0	0			
GCF014696415v1	careful	0	0	0			
GCF014696415v1	aggressive	0	0	0			
GCF014696415v1	spades	0	0	0			
GCF014696535v1	base	0	0	0			
GCF014696535v1	model	0	0	0			
GCF014696535v1	careful	0	0	0			
GCF014696535v1	aggressive	0	0	0			
GCF014696535v1	spades	0	0	0			
GCF014696685v1	base	0	0	0			
GCF014696685v1	model	0	0	0			
GCF014696685v1	careful	0	0	0			
GCF014696685v1	aggressive	0	0	0			
GCF014696685v1	spades	0	0	0			
GCF014696835v1	base	0	0	0			
GCF014696835v1	model	0	0	0			
GCF014696835v1	careful	0	0	0			
GCF014696835v1	aggressive	0	0	0			
GCF014696835v1	spades	0	0	0			
GCF014696975v1	base	0	0	0			
GCF014696975v1	model	0	0	0			
GCF014696975v1	careful	0	0	0			
GCF014696975v1	aggressive	0	0	0			
GCF014696975v1	spades	0	0	0			
GCF015732455v1	base	0	0	0			
GCF015732455v1	model	0	0	0			
GCF015732455v1	careful	0	0	0			
GCF015732455v1	aggressive	0	0	0			
GCF015732455v1	spades	0	0	0			
GCF016591995v1	base	1	1	0	0.000	0.000	0/17/2
GCF016591995v1	model	1	1	0	0.000	0.000	0/10/2
GCF016591995v1	careful	1	1	0	0.000	0.000	0/9/2
GCF016591995v1	aggressive	1	1	0	0.000	0.000	0/12/2
GCF016591995v1	spades	1	1	1			0/0/0
GCF016894285v1	base	1	1	0			0/0/0
GCF016894285v1	model	1	1	0			0/0/0
GCF016894285v1	careful	1	1	0			0/0/0
GCF016894285v1	aggressive	1	1	0			0/0/0
GCF016894285v1	spades	1	1	1			0/0/0
GCF017088305v1	base	2	2	0	0.333	0.500	1/2/1
GCF017088305v1	model	2	2	0	1.000	0.500	1/0/1
GCF017088305v1	careful	2	2	1	1.000	0.500	1/0/1
GCF017088305v1	aggressive	2	2	0	1.000	0.500	1/0/1
GCF017088305v1	spades	2	2	0			0/0/0
GCF017088385v1	base	2	2	1	1.000	1.000	6/0/0
GCF017088385v1	model	2	2	1	1.000	1.000	5/0/0
GCF017088385v1	careful	2	2	1	1.000	1.000	4/0/0
GCF017088385v1	aggressive	2	2	1	1.000	1.000	5/0/0
GCF017088385v1	spades	2	2	1			0/0/0
GCF018093065v1	base	1	1	0	0.000	0.000	0/23/8
GCF018093065v1	model	1	1	0	0.700	0.875	7/3/1
GCF018093065v1	careful	1	1	0	1.000	1.000	7/0/0
GCF018093065v1	aggressive	1	1	0	0.700	0.875	7/3/1
GCF018093065v1	spades	1	1	0			0/0/0
GCF018093205v1	base	1	0	0	0.000		0/14/0
GCF018093205v1	model	1	0	0			0/0/0
GCF018093205v1	careful	1	0	0			0/0/0
GCF018093205v1	aggressive	1	0	0			0/0/0
GCF018093205v1	spades	1	0	0			0/0/0
GCF018409145v1	base	1	1	0		0.000	0/0/3
GCF018409145v1	model	1	1	0	1.000	1.000	2/0/0
GCF018409145v1	careful	1	1	0	1.000	1.000	5/0/0
GCF018409145v1	aggressive	1	1	0	1.000	1.000	2/0/0
GCF018409145v1	spades	1	1	0			0/0/0
GCF019653615v1	base	0	0	0			
GCF019653615v1	model	0	0	0			
GCF019653615v1	careful	0	0	0			
GCF019653615v1	aggressive	0	0	0			
GCF019653615v1	spades	0	0	0			
GCF021725475v1	base	2	2	0	1.000	0.667	2/0/1
GCF021725475v1	model	2	2	0	1.000	0.500	1/0/1
GCF021725475v1	careful	2	2	0	1.000	0.500	1/0/1
GCF021725475v1	aggressive	2	2	0	1.000	0.500	1/0/1
GCF021725475v1	spades	2	1	1			0/0/0
GCF021869805v1	base	0	0	0			
GCF021869805v1	model	0	0	0			
GCF021869805v1	careful	0	0	0			
GCF021869805v1	aggressive	0	0	0			
GCF021869805v1	spades	0	0	0			
GCF022221565v1	base	1	1	0	1.000	0.750	3/0/1
GCF022221565v1	model	1	1	0	1.000	1.000	2/0/0
GCF022221565v1	careful	1	1	0	1.000	1.000	1/0/0
GCF022221565v1	aggressive	1	1	0	1.000	1.000	2/0/0
GCF022221565v1	spades	1	1	1			0/0/0
GCF022404615v1	base	1	1	0	0.833	1.000	5/1/0
GCF022404615v1	model	1	1	0	1.000	1.000	5/0/0
GCF022404615v1	careful	1	1	0	1.000	1.000	5/0/0
GCF022404615v1	aggressive	1	1	0	0.714	1.000	5/2/0
GCF022404615v1	spades	1	1	0			0/0/0
GCF022404755v1	base	1	1	1	1.000	1.000	1/0/0
GCF022404755v1	model	1	1	1	1.000	1.000	1/0/0
GCF022404755v1	careful	1	1	1	1.000	1.000	1/0/0
GCF022404755v1	aggressive	1	1	1	1.000	1.000	1/0/0
GCF022404755v1	spades	1	1	1			0/0/0
GCF022404775v1	base	1	1	1	1.000	1.000	1/0/0
GCF022404775v1	model	1	1	1	1.000	1.000	1/0/0
GCF022404775v1	careful	1	1	1	1.000	1.000	1/0/0
GCF022404775v1	aggressive	1	1	1	1.000	1.000	1/0/0
GCF022404775v1	spades	1	1	1			0/0/0
GCF022405055v1	base	1	1	1	1.000	1.000	1/0/0
GCF022405055v1	model	1	1	1	1.000	1.000	1/0/0
GCF022405055v1	careful	1	1	1	1.000	1.000	1/0/0
GCF022405055v1	aggressive	1	1	1	1.000	1.000	1/0/0
GCF022405055v1	spades	1	1	1			0/0/0
GCF022405075v1	base	1	1	0	0.000	0.000	0/3/3
GCF022405075v1	model	1	1	0	1.000	0.667	2/0/1
GCF022405075v1	careful	1	1	0	1.000	0.667	2/0/1
GCF022405075v1	aggressive	1	1	0	1.000	0.667	2/0/1
GCF022405075v1	spades	1	1	0			0/0/0
GCF022405145v1	base	1	1	1	0.200	1.000	1/4/0
GCF022405145v1	model	1	1	1	0.333	1.000	1/2/0
GCF022405145v1	careful	1	1	1	0.333	1.000	1/2/0
GCF022405145v1	aggressive	1	1	1	0.333	1.000	1/2/0
GCF022405145v1	spades	1	1	1			0/0/0
GCF022405185v1	base	1	1	1		0.000	0/0/1
GCF022405185v1	model	1	1	1	1.000	1.000	1/0/0
GCF022405185v1	careful	1	1	1	1.000	1.000	1/0/0
GCF022405185v1	aggressive	1	1	1	1.000	1.000	1/0/0
GCF022405185v1	spades	1	1	1			0/0/0
GCF022405275v1	base	1	1	1	0.333	1.000	1/2/0
GCF022405275v1	model	1	1	1	0.333	1.000	1/2/0
GCF022405275v1	careful	1	1	1	0.333	1.000	1/2/0
GCF022405275v1	aggressive	1	1	1	0.250	1.000	1/3/0
GCF022405275v1	spades	1	1	1			0/0/0
GCF022405295v1	base	1	1	0		0.000	0/0/1
GCF022405295v1	model	1	1	0	1.000	1.000	1/0/0
GCF022405295v1	careful	1	1	0	1.000	1.000	1/0/0
GCF022405295v1	aggressive	1	1	0	1.000	1.000	1/0/0
GCF022405295v1	spades	1	1	0			0/0/0
GCF022405335v1	base	1	1	1	0.100	1.000	1/9/0
GCF022405335v1	model	1	1	1	0.143	1.000	1/6/0
GCF022405335v1	careful	1	1	1	0.143	1.000	1/6/0
GCF022405335v1	aggressive	1	1	1	0.100	1.000	1/9/0
GCF022405335v1	spades	1	1	1			0/0/0
GCF022405415v1	base	3	3	3	1.000	0.667	2/0/1
GCF022405415v1	model	3	3	3	1.000	1.000	3/0/0
GCF022405415v1	careful	3	3	3	1.000	1.000	3/0/0
GCF022405415v1	aggressive	3	3	3	1.000	1.000	3/0/0
GCF022405415v1	spades	3	3	2			0/0/0
GCF022405435v1	base	1	1	1	0.500	1.000	1/1/0
GCF022405435v1	model	1	1	1	1.000	1.000	1/0/0
GCF022405435v1	careful	1	1	1	1.000	1.000	1/0/0
GCF022405435v1	aggressive	1	1	1	1.000	1.000	1/0/0
GCF022405435v1	spades	1	1	1			0/0/0
GCF022405455v1	base	1	1	1	0.100	1.000	1/9/0
GCF022405455v1	model	1	1	1	0.167	1.000	1/5/0
GCF022405455v1	careful	1	1	1	0.167	1.000	1/5/0
GCF022405455v1	aggressive	1	1	1	0.250	1.000	1/3/0
GCF022405455v1	spades	1	1	1			0/0/0
GCF022405495v1	base	1	1	0		0.000	0/0/2
GCF022405495v1	model	1	1	0	1.000	1.000	1/0/0
GCF022405495v1	careful	1	1	0	0.333	1.000	1/2/0
GCF022405495v1	aggressive	1	1	0	1.000	1.000	2/0/0
GCF022405495v1	spades	1	1	0			0/0/0
GCF022405535v1	base	1	1	1	1.000	1.000	1/0/0
GCF022405535v1	model	1	1	1	1.000	1.000	1/0/0
GCF022405535v1	careful	1	1	1	1.000	1.000	1/0/0
GCF022405535v1	aggressive	1	1	1	1.000	1.000	1/0/0
GCF022405535v1	spades	1	1	1			0/0/0
GCF022405575v1	base	2	2	2		0.000	0/0/2
GCF022405575v1	model	2	2	2	1.000	0.500	1/0/1
GCF022405575v1	careful	2	2	2	1.000	0.500	1/0/1
GCF022405575v1	aggressive	2	2	2	0.333	0.500	1/2/1
GCF022405575v1	spades	2	2	2			0/0/0
GCF022405595v1	base	1	1	0	0.400	1.000	2/3/0
GCF022405595v1	model	1	1	0	0.667	1.000	2/1/0
GCF022405595v1	careful	1	1	0	0.667	1.000	2/1/0
GCF022405595v1	aggressive	1	1	0	0.222	1.000	2/7/0
GCF022405595v1	spades	1	1	0			0/0/0
GCF022405615v1	base	2	2	1	1.000	0.250	1/0/3
GCF022405615v1	model	2	2	1	1.000	0.750	3/0/1
GCF022405615v1	careful	2	2	1	1.000	0.750	3/0/1
GCF022405615v1	aggressive	2	2	1	0.429	0.750	3/4/1
GCF022405615v1	spades	2	2	0			0/0/0
GCF022405655v1	base	0	0	0			
GCF022405655v1	model	0	0	0			
GCF022405655v1	careful	0	0	0			
GCF022405655v1	aggressive	0	0	0			
GCF022405655v1	spades	0	0	0			
GCF022405675v1	base	0	0	0			
GCF022405675v1	model	0	0	0			
GCF022405675v1	careful	0	0	0			
GCF022405675v1	aggressive	0	0	0			
GCF022405675v1	spades	0	0	0			
GCF022405735v1	base	0	0	0			
GCF022405735v1	model	0	0	0			
GCF022405735v1	careful	0	0	0			
GCF022405735v1	aggressive	0	0	0			
GCF022405735v1	spades	0	0	0			
GCF022405815v1	base	0	0	0			
GCF022405815v1	model	0	0	0			
GCF022405815v1	careful	0	0	0			
GCF022405815v1	aggressive	0	0	0			
GCF022405815v1	spades	0	0	0			
GCF022405875v1	base	0	0	0			
GCF022405875v1	model	0	0	0			
GCF022405875v1	careful	0	0	0			
GCF022405875v1	aggressive	0	0	0			
GCF022405875v1	spades	0	0	0			
GCF022405895v1	base	0	0	0			
GCF022405895v1	model	0	0	0			
GCF022405895v1	careful	0	0	0			
GCF022405895v1	aggressive	0	0	0			
GCF022405895v1	spades	0	0	0			
GCF022405915v1	base	0	0	0			
GCF022405915v1	model	0	0	0			
GCF022405915v1	careful	0	0	0			
GCF022405915v1	aggressive	0	0	0			
GCF022405915v1	spades	0	0	0			
GCF022406035v1	base	0	0	0			
GCF022406035v1	model	0	0	0			
GCF022406035v1	careful	0	0	0			
GCF022406035v1	aggressive	0	0	0			
GCF022406035v1	spades	0	0	0			
GCF022406315v1	base	0	0	0			
GCF022406315v1	model	0	0	0			
GCF022406315v1	careful	0	0	0			
GCF022406315v1	aggressive	0	0	0			
GCF022406315v1	spades	0	0	0			
GCF022406795v1	base	0	0	0			
GCF022406795v1	model	0	0	0			
GCF022406795v1	careful	0	0	0			
GCF022406795v1	aggressive	0	0	0			
GCF022406795v1	spades	0	0	0			
GCF022693165v1	base	1	1	0	1.000	0.667	2/0/1
GCF022693165v1	model	1	1	0	0.200	1.000	2/8/0
GCF022693165v1	careful	1	1	0	0.333	1.000	2/4/0
GCF022693165v1	aggressive	1	1	0	0.500	1.000	2/2/0
GCF022693165v1	spades	1	1	0			0/0/0
GCF022693245v1	base	2	2	0		0.000	0/0/15
GCF022693245v1	model	2	2	0	0.600	0.200	3/2/12
GCF022693245v1	careful	2	2	0	0.600	0.214	3/2/11
GCF022693245v1	aggressive	2	2	0	1.000	0.200	3/0/12
GCF022693245v1	spades	2	2	1			0/0/0
GCF022832835v1	base	1	0	0	0.000		0/5/0
GCF022832835v1	model	1	0	0	0.000		0/5/0
GCF022832835v1	careful	1	0	0	0.000		0/5/0
GCF022832835v1	aggressive	1	0	0	0.000		0/2/0
GCF022832835v1	spades	1	1	0			0/0/0
GCF024363385v1	base	1	1	0		0.000	0/0/4
GCF024363385v1	model	1	1	0		0.000	0/0/4
GCF024363385v1	careful	1	1	0		0.000	0/0/2
GCF024363385v1	aggressive	1	1	0		0.000	0/0/4
GCF024363385v1	spades	1	1	0			0/0/0
GCF026547035v1	base	1	1	0		0.000	0/0/4
GCF026547035v1	model	1	1	0	1.000	1.000	4/0/0
GCF026547035v1	careful	1	1	0	1.000	1.000	4/0/0
GCF026547035v1	aggressive	1	1	0	0.500	1.000	4/4/0
GCF026547035v1	spades	1	1	1			0/0/0
GCF028596245v1	base	1	1	0		0.000	0/0/1
GCF028596245v1	model	1	1	0		0.000	0/0/1
GCF028596245v1	careful	1	1	0		0.000	0/0/1
GCF028596245v1	aggressive	1	1	1	0.000	0.000	0/3/1
GCF028596245v1	spades	1	1	0			0/0/0
GCF030063985v1	base	1	1	0			0/0/0
GCF030063985v1	model	1	1	0	1.000	1.000	4/0/0
GCF030063985v1	careful	1	1	0	1.000	1.000	5/0/0
GCF030063985v1	aggressive	1	1	0	1.000	1.000	4/0/0
GCF030063985v1	spades	1	1	1			0/0/0
GCF030064025v1	base	1	0	0			0/0/0
GCF030064025v1	model	1	0	0			0/0/0
GCF030064025v1	careful	1	0	0			0/0/0
GCF030064025v1	aggressive	1	0	0			0/0/0
GCF030064025v1	spades	1	0	0			0/0/0
GCF030064045v1	base	0	0	0			
GCF030064045v1	model	0	0	0			
GCF030064045v1	careful	0	0	0			
GCF030064045v1	aggressive	0	0	0			
GCF030064045v1	spades	0	0	0			
GCF030262405v2	base	1	1	1		0.000	0/0/1
GCF030262405v2	model	1	1	1		0.000	0/0/1
GCF030262405v2	careful	1	1	1		0.000	0/0/1
GCF030262405v2	aggressive	1	1	1		0.000	0/0/1
GCF030262405v2	spades	1	1	1			0/0/0
GCF030408975v1	base	1	1	0	1.000	0.600	3/0/2
GCF030408975v1	model	1	1	0	1.000	1.000	4/0/0
GCF030408975v1	careful	1	1	0	1.000	1.000	3/0/0
GCF030408975v1	aggressive	1	1	0	1.000	1.000	4/0/0
GCF030408975v1	spades	1	1	1			0/0/0
GCF031190615v1	base	2	0	0	0.333	1.000	1/2/0
GCF031190615v1	model	2	0	0	0.250	1.000	1/3/0
GCF031190615v1	careful	2	0	0	0.250	1.000	1/3/0
GCF031190615v1	aggressive	2	0	0	0.250	1.000	1/3/0
GCF031190615v1	spades	2	0	0			0/0/0
GCF032765935v1	base	0	0	0			
GCF032765935v1	model	0	0	0			
GCF032765935v1	careful	0	0	0			
GCF032765935v1	aggressive	0	0	0			
GCF032765935v1	spades	0	0	0			
GCF036492515v1	base	1	1	0	0.000		0/2/0
GCF036492515v1	model	1	1	0	1.000	1.000	2/0/0
GCF036492515v1	careful	1	1	0	1.000	1.000	2/0/0
GCF036492515v1	aggressive	1	1	0	0.500	1.000	2/2/0
GCF036492515v1	spades	1	1	1			0/0/0
GCF037076495v1	base	0	0	0			
GCF037076495v1	model	0	0	0			
GCF037076495v1	careful	0	0	0			
GCF037076495v1	aggressive	0	0	0			
GCF037076495v1	spades	0	0	0			
GCF038024725v1	base	1	1	0		0.000	0/0/2
GCF038024725v1	model	1	1	0	1.000	0.667	2/0/1
GCF038024725v1	careful	1	1	0	1.000	1.000	4/0/0
GCF038024725v1	aggressive	1	1	0	1.000	0.750	3/0/1
GCF038024725v1	spades	1	1	1			0/0/0
GCF038024745v1	base	0	0	0			
GCF038024745v1	model	0	0	0			
GCF038024745v1	careful	0	0	0			
GCF038024745v1	aggressive	0	0	0			
GCF038024745v1	spades	0	0	0			
GCF038024985v1	base	1	1	0	0.500	1.000	6/6/0
GCF038024985v1	model	1	1	0	0.429	1.000	3/4/0
GCF038024985v1	careful	1	1	0	0.375	0.600	3/5/2
GCF038024985v1	aggressive	1	1	0	0.273	1.000	3/8/0
GCF038024985v1	spades	1	1	0			0/0/0
GCF038025155v1	base	2	2	0	1.000	0.600	3/0/2
GCF038025155v1	model	2	2	0	1.000	0.800	4/0/1
GCF038025155v1	careful	2	2	0	1.000	0.800	4/0/1
GCF038025155v1	aggressive	2	2	0	1.000	0.500	2/0/2
GCF038025155v1	spades	2	2	0			0/0/0
GCF038427395v1	base	2	2	0	0.200	0.800	4/16/1
GCF038427395v1	model	2	2	0	0.833	1.000	5/1/0
GCF038427395v1	careful	2	2	0	0.500	1.000	5/5/0
GCF038427395v1	aggressive	2	2	0	0.300	0.500	3/7/3
GCF038427395v1	spades	2	2	0			0/0/0
GCF038428225v1	base	3	3	0		0.000	0/0/2
GCF038428225v1	model	3	3	1	0.333	0.500	1/2/1
GCF038428225v1	careful	3	3	1	0.333	0.500	1/2/1
GCF038428225v1	aggressive	3	3	1	0.333	0.500	1/2/1
GCF038428225v1	spades	3	3	3			0/0/0
GCF038429035v1	base	1	1	0	0.120	1.000	3/22/0
GCF038429035v1	model	1	1	0	0.429	1.000	3/4/0
GCF038429035v1	careful	1	1	0	0.286	1.000	2/5/0
GCF038429035v1	aggressive	1	1	0	0.111	0.500	1/8/1
GCF038429035v1	spades	1	1	0			0/0/0
GCF038429905v1	base	1	1	0		0.000	0/0/5
GCF038429905v1	model	1	1	0	1.000	1.000	4/0/0
GCF038429905v1	careful	1	1	0	1.000	1.000	4/0/0
GCF038429905v1	aggressive	1	1	0	1.000	1.000	4/0/0
GCF038429905v1	spades	1	1	0			0/0/0
GCF038430005v1	base	1	1	0	0.667	0.800	4/2/1
GCF038430005v1	model	1	1	0	1.000	1.000	1/0/0
GCF038430005v1	careful	1	1	0	1.000	1.000	1/0/0
GCF038430005v1	aggressive	1	1	0	0.167	1.000	1/5/0
GCF038430005v1	spades	1	1	0			0/0/0
GCF038430115v1	base	3	3	0	1.000	0.667	4/0/2
GCF038430115v1	model	3	3	0	1.000	1.000	6/0/0
GCF038430115v1	careful	3	3	0	1.000	1.000	6/0/0
GCF038430115v1	aggressive	3	3	0	1.000	1.000	6/0/0
GCF038430115v1	spades	3	3	2			0/0/0
GCF038788575v1	base	0	0	0			
GCF038788575v1	model	0	0	0			
GCF038788575v1	careful	0	0	0			
GCF038788575v1	aggressive	0	0	0			
GCF038788575v1	spades	0	0	0			
GCF039830175v1	base	1	1	0	1.000	1.000	2/0/0
GCF039830175v1	model	1	1	0	1.000	1.000	2/0/0
GCF039830175v1	careful	1	1	0	1.000	1.000	2/0/0
GCF039830175v1	aggressive	1	1	0	0.500	1.000	2/2/0
GCF039830175v1	spades	1	1	0			0/0/0
GCF041714675v1	base	2	2	0	1.000	1.000	1/0/0
GCF041714675v1	model	2	2	0	0.333	1.000	1/2/0
GCF041714675v1	careful	2	2	0	0.333	1.000	1/2/0
GCF041714675v1	aggressive	2	2	0	0.333	1.000	1/2/0
GCF041714675v1	spades	2	2	2			0/0/0
GCF041733125v1	base	1	1	0	1.000	1.000	2/0/0
GCF041733125v1	model	1	1	0	0.500	1.000	2/2/0
GCF041733125v1	careful	1	1	0	0.500	1.000	2/2/0
GCF041733125v1	aggressive	1	1	0	0.286	1.000	2/5/0
GCF041733125v1	spades	1	1	0			0/0/0
GCF045346525v1	base	1	1	0	0.250	1.000	1/3/0
GCF045346525v1	model	1	1	0	0.500	1.000	1/1/0
GCF045346525v1	careful	1	1	0	0.500	1.000	1/1/0
GCF045346525v1	aggressive	1	1	0	0.500	1.000	1/1/0
GCF045346525v1	spades	1	1	0			0/0/0
GCF045346765v1	base	1	1	0	1.000	0.667	4/0/2
GCF045346765v1	model	1	1	0	1.000	1.000	3/0/0
GCF045346765v1	careful	1	1	0	1.000	1.000	2/0/0
GCF045346765v1	aggressive	1	1	0	1.000	1.000	2/0/0
GCF045346765v1	spades	1	1	0			0/0/0
GCF045347315v1	base	1	1	0	0.600	1.000	6/4/0
GCF045347315v1	model	1	1	0	0.667	1.000	4/2/0
GCF045347315v1	careful	1	1	0	1.000	1.000	4/0/0
GCF045347315v1	aggressive	1	1	0	1.000	1.000	6/0/0
GCF045347315v1	spades	1	1	0			0/0/0
GCF045347525v1	base	1	0	0			0/0/0
GCF045347525v1	model	1	0	0			0/0/0
GCF045347525v1	careful	1	0	0			0/0/0
GCF045347525v1	aggressive	1	0	0			0/0/0
GCF045347525v1	spades	1	0	0			0/0/0
GCF045348345v1	base	0	0	0			
GCF045348345v1	model	0	0	0			
GCF045348345v1	careful	0	0	0			
GCF045348345v1	aggressive	0	0	0			
GCF045348345v1	spades	0	0	0			
GCF046268025v1	base	1	1	0		0.000	0/0/4
GCF046268025v1	model	1	1	0	1.000	0.750	3/0/1
GCF046268025v1	careful	1	1	0	1.000	0.750	3/0/1
GCF046268025v1	aggressive	1	1	0	1.000	0.750	3/0/1
GCF046268025v1	spades	1	1	0			0/0/0
GCF046268045v1	base	1	1	0	0.000	0.000	0/3/4
GCF046268045v1	model	1	1	0	0.500	1.000	4/4/0
GCF046268045v1	careful	1	1	0	0.375	0.750	3/5/1
GCF046268045v1	aggressive	1	1	0	0.188	0.750	3/13/1
GCF046268045v1	spades	1	1	0			0/0/0
GCF046741595v1	base	1	1	1	1.000	1.000	1/0/0
GCF046741595v1	model	1	1	1	1.000	1.000	1/0/0
GCF046741595v1	careful	1	1	1	1.000	1.000	1/0/0
GCF046741595v1	aggressive	1	1	1	0.333	1.000	1/2/0
GCF046741595v1	spades	1	1	1			0/0/0
GCF046741605v1	base	1	1	0		0.000	0/0/1
GCF046741605v1	model	1	1	0		0.000	0/0/1
GCF046741605v1	careful	1	1	0			0/0/0
GCF046741605v1	aggressive	1	1	0		0.000	0/0/1
GCF046741605v1	spades	1	1	0			0/0/0
GCF046741615v1	base	0	0	0			
GCF046741615v1	model	0	0	0			
GCF046741615v1	careful	0	0	0			
GCF046741615v1	aggressive	0	0	0			
GCF046741615v1	spades	0	0	0			
GCF046741625v1	base	1	1	0	1.000	1.000	3/0/0
GCF046741625v1	model	1	1	0	1.000	1.000	3/0/0
GCF046741625v1	careful	1	1	0	1.000	1.000	4/0/0
GCF046741625v1	aggressive	1	1	0	1.000	1.000	3/0/0
GCF046741625v1	spades	1	1	1			0/0/0
GCF046741635v1	base	2	2	1	1.000	0.667	2/0/1
GCF046741635v1	model	2	2	2	0.500	0.500	1/1/1
GCF046741635v1	careful	2	2	2	0.500	0.500	1/1/1
GCF046741635v1	aggressive	2	2	1	0.500	0.333	1/1/2
GCF046741635v1	spades	2	2	0			0/0/0
GCF046741695v1	base	1	1	0	1.000	1.000	2/0/0
GCF046741695v1	model	1	1	1	1.000	1.000	1/0/0
GCF046741695v1	careful	1	1	1	1.000	1.000	1/0/0
GCF046741695v1	aggressive	1	1	1	1.000	1.000	1/0/0
GCF046741695v1	spades	1	1	1			0/0/0
GCF046741715v1	base	1	1	0		0.000	0/0/5
GCF046741715v1	model	1	1	0	1.000	1.000	5/0/0
GCF046741715v1	careful	1	1	0	1.000	1.000	5/0/0
GCF046741715v1	aggressive	1	1	0	1.000	1.000	5/0/0
GCF046741715v1	spades	1	1	0			0/0/0
GCF046741755v1	base	1	1	0			0/0/0
GCF046741755v1	model	1	1	0			0/0/0
GCF046741755v1	careful	1	1	0		0.000	0/0/1
GCF046741755v1	aggressive	1	1	0	0.000		0/3/0
GCF046741755v1	spades	1	1	1			0/0/0
GCF046741795v1	base	1	1	0	1.000	1.000	2/0/0
GCF046741795v1	model	1	1	0	1.000	1.000	2/0/0
GCF046741795v1	careful	1	1	0	1.000	1.000	2/0/0
GCF046741795v1	aggressive	1	1	0	0.333	1.000	2/4/0
GCF046741795v1	spades	1	1	0			0/0/0
GCF046741805v1	base	1	1	0	1.000	1.000	3/0/0
GCF046741805v1	model	1	1	0	1.000	1.000	3/0/0
GCF046741805v1	careful	1	1	0	1.000	1.000	3/0/0
GCF046741805v1	aggressive	1	1	0	0.429	1.000	3/4/0
GCF046741805v1	spades	1	1	0			0/0/0
GCF046741825v1	base	0	0	0			
GCF046741825v1	model	0	0	0			
GCF046741825v1	careful	0	0	0			
GCF046741825v1	aggressive	0	0	0			
GCF046741825v1	spades	0	0	0			
GCF046741855v1	base	0	0	0			
GCF046741855v1	model	0	0	0			
GCF046741855v1	careful	0	0	0			
GCF046741855v1	aggressive	0	0	0			
GCF046741855v1	spades	0	0	0			
GCF046741885v1	base	0	0	0			
GCF046741885v1	model	0	0	0			
GCF046741885v1	careful	0	0	0			
GCF046741885v1	aggressive	0	0	0			
GCF046741885v1	spades	0	0	0			
GCF046741905v1	base	0	0	0			
GCF046741905v1	model	0	0	0			
GCF046741905v1	careful	0	0	0			
GCF046741905v1	aggressive	0	0	0			
GCF046741905v1	spades	0	0	0			
GCF046741915v1	base	1	1	0		0.000	0/0/2
GCF046741915v1	model	1	1	0		0.000	0/0/2
GCF046741915v1	careful	1	1	0		0.000	0/0/2
GCF046741915v1	aggressive	1	1	0	0.000	0.000	0/3/2
GCF046741915v1	spades	1	1	0			0/0/0
GCF046741935v1	base	1	1	1	1.000	1.000	1/0/0
GCF046741935v1	model	1	1	1	1.000	1.000	1/0/0
GCF046741935v1	careful	1	1	1	1.000	1.000	1/0/0
GCF046741935v1	aggressive	1	1	1	1.000	1.000	1/0/0
GCF046741935v1	spades	1	1	1			0/0/0
GCF046741945v1	base	1	1	0	1.000	1.000	5/0/0
GCF046741945v1	model	1	1	0	1.000	1.000	5/0/0
GCF046741945v1	careful	1	1	0	1.000	1.000	4/0/0
GCF046741945v1	aggressive	1	1	0	1.000	1.000	5/0/0
GCF046741945v1	spades	1	1	0			0/0/0
GCF046741965v1	base	1	0	0		0.000	0/0/1
GCF046741965v1	model	1	0	0		0.000	0/0/1
GCF046741965v1	careful	1	0	0			0/0/0
GCF046741965v1	aggressive	1	0	0		0.000	0/0/1
GCF046741965v1	spades	1	0	0			0/0/0
GCF046741995v1	base	2	2	0	0.111	0.200	1/8/4
GCF046741995v1	model	2	2	0	0.000	0.000	0/2/5
GCF046741995v1	careful	2	2	0	0.000	0.000	0/2/5
GCF046741995v1	aggressive	2	2	0	0.000	0.000	0/8/5
GCF046741995v1	spades	2	2	0			0/0/0
GCF046742015v1	base	4	3	2	1.000	1.000	2/0/0
GCF046742015v1	model	4	3	2	1.000	1.000	2/0/0
GCF046742015v1	careful	4	3	2	1.000	1.000	2/0/0
GCF046742015v1	aggressive	4	3	2	1.000	1.000	2/0/0
GCF046742015v1	spades	4	3	0			0/0/0
GCF046742035v1	base	2	2	0	1.000	0.833	5/0/1
GCF046742035v1	model	2	2	0	1.000	0.800	4/0/1
GCF046742035v1	careful	2	2	0	1.000	0.800	4/0/1
GCF046742035v1	aggressive	2	2	0	1.000	0.800	4/0/1
GCF046742035v1	spades	2	1	0			0/0/0
GCF046742045v1	base	1	1	0	1.000	1.000	2/0/0
GCF046742045v1	model	1	1	0	1.000	1.000	2/0/0
GCF046742045v1	careful	1	1	0	1.000	1.000	2/0/0
GCF046742045v1	aggressive	1	1	0	0.333	1.000	2/4/0
GCF046742045v1	spades	1	1	0			0/0/0
GCF046742085v1	base	1	1	0	1.000	1.000	2/0/0
GCF046742085v1	model	1	1	1	1.000	1.000	1/0/0
GCF046742085v1	careful	1	1	1	1.000	1.000	1/0/0
GCF046742085v1	aggressive	1	1	1	0.333	1.000	1/2/0
GCF046742085v1	spades	1	1	0			0/0/0
GCF046742095v1	base	1	1	0	1.000	1.000	2/0/0
GCF046742095v1	model	1	1	0	1.000	1.000	2/0/0
GCF046742095v1	careful	1	1	0	1.000	1.000	2/0/0
GCF046742095v1	aggressive	1	1	0	1.000	1.000	2/0/0
GCF046742095v1	spades	1	1	0			0/0/0
GCF046742105v1	base	1	1	0	1.000	1.000	3/0/0
GCF046742105v1	model	1	1	0	1.000	1.000	3/0/0
GCF046742105v1	careful	1	1	0	1.000	1.000	3/0/0
GCF046742105v1	aggressive	1	1	0	1.000	1.000	3/0/0
GCF046742105v1	spades	1	1	0			0/0/0
GCF046742115v1	base	1	1	0	1.000	1.000	2/0/0
GCF046742115v1	model	1	1	0	1.000	1.000	2/0/0
GCF046742115v1	careful	1	1	0	1.000	1.000	2/0/0
GCF046742115v1	aggressive	1	1	0	1.000	1.000	2/0/0
GCF046742115v1	spades	1	1	0			0/0/0
GCF046742125v1	base	1	1	0	1.000	1.000	2/0/0
GCF046742125v1	model	1	1	0	1.000	1.000	2/0/0
GCF046742125v1	careful	1	1	0	1.000	1.000	2/0/0
GCF046742125v1	aggressive	1	1	0	1.000	1.000	2/0/0
GCF046742125v1	spades	1	1	1			0/0/0
GCF046742135v1	base	1	1	0		0.000	0/0/2
GCF046742135v1	model	1	1	0		0.000	0/0/2
GCF046742135v1	careful	1	1	0		0.000	0/0/2
GCF046742135v1	aggressive	1	1	0	0.000	0.000	0/4/2
GCF046742135v1	spades	1	1	0			0/0/0
GCF046742145v1	base	1	1	1		0.000	0/0/1
GCF046742145v1	model	1	1	1		0.000	0/0/1
GCF046742145v1	careful	1	1	1		0.000	0/0/1
GCF046742145v1	aggressive	1	1	1		0.000	0/0/1
GCF046742145v1	spades	1	1	1			0/0/0
GCF046742155v1	base	0	0	0			
GCF046742155v1	model	0	0	0			
GCF046742155v1	careful	0	0	0			
GCF046742155v1	aggressive	0	0	0			
GCF046742155v1	spades	0	0	0			
GCF047801365v1	base	0	0	0			
GCF047801365v1	model	0	0	0			
GCF047801365v1	careful	0	0	0			
GCF047801365v1	aggressive	0	0	0			
GCF047801365v1	spades	0	0	0			
GCF047801375v1	base	0	0	0			
GCF047801375v1	model	0	0	0			
GCF047801375v1	careful	0	0	0			
GCF047801375v1	aggressive	0	0	0			
GCF047801375v1	spades	0	0	0			
GCF047801595v1	base	0	0	0			
GCF047801595v1	model	0	0	0			
GCF047801595v1	careful	0	0	0			
GCF047801595v1	aggressive	0	0	0			
GCF047801595v1	spades	0	0	0			
GCF047801755v1	base	1	1	1	1.000	1.000	1/0/0
GCF047801755v1	model	1	1	1	0.500	1.000	1/1/0
GCF047801755v1	careful	1	1	1	0.500	1.000	1/1/0
GCF047801755v1	aggressive	1	1	1	0.500	1.000	1/1/0
GCF047801755v1	spades	1	1	1			0/0/0
GCF047801845v1	base	2	2	1	1.000	0.500	1/0/1
GCF047801845v1	model	2	2	1	1.000	0.500	1/0/1
GCF047801845v1	careful	2	2	2	1.000	1.000	2/0/0
GCF047801845v1	aggressive	2	2	1	1.000	0.500	1/0/1
GCF047801845v1	spades	2	2	2			0/0/0
GCF047801865v1	base	1	1	1	0.167	1.000	1/5/0
GCF047801865v1	model	1	1	1	0.333	1.000	1/2/0
GCF047801865v1	careful	1	1	1	0.333	1.000	1/2/0
GCF047801865v1	aggressive	1	1	1	0.333	1.000	1/2/0
GCF047801865v1	spades	1	1	1			0/0/0
GCF047801975v1	base	1	1	1	1.000	1.000	1/0/0
GCF047801975v1	model	1	1	1	1.000	1.000	1/0/0
GCF047801975v1	careful	1	1	1	1.000	1.000	1/0/0
GCF047801975v1	aggressive	1	1	1	1.000	1.000	1/0/0
GCF047801975v1	spades	1	1	1			0/0/0
GCF047802145v1	base	1	1	0	1.000	1.000	2/0/0
GCF047802145v1	model	1	1	0	1.000	1.000	2/0/0
GCF047802145v1	careful	1	1	0	1.000	1.000	2/0/0
GCF047802145v1	aggressive	1	1	0	1.000	1.000	2/0/0
GCF047802145v1	spades	1	1	0			0/0/0
GCF047802195v1	base	1	1	1	1.000	1.000	1/0/0
GCF047802195v1	model	1	1	1	1.000	1.000	1/0/0
GCF047802195v1	careful	1	1	1	1.000	1.000	1/0/0
GCF047802195v1	aggressive	1	1	1	1.000	1.000	1/0/0
GCF047802195v1	spades	1	1	1			0/0/0
GCF047824245v1	base	0	0	0			
GCF047824245v1	model	0	0	0			
GCF047824245v1	careful	0	0	0			
GCF047824245v1	aggressive	0	0	0			
GCF047824245v1	spades	0	0	0			
GCF048820375v1	base	1	1	1	1.000	1.000	1/0/0
GCF048820375v1	model	1	1	1	0.250	1.000	1/3/0
GCF048820375v1	careful	1	1	1	0.250	1.000	1/3/0
GCF048820375v1	aggressive	1	1	1	0.167	1.000	1/5/0
GCF048820375v1	spades	1	1	1			0/0/0
GCF052377705v1	base	0	0	0			
GCF052377705v1	model	0	0	0			
GCF052377705v1	careful	0	0	0			
GCF052377705v1	aggressive	0	0	0			
GCF052377705v1	spades	0	0	0			
GCF053165775v1	base	0	0	0			
GCF053165775v1	model	0	0	0			
GCF053165775v1	careful	0	0	0			
GCF053165775v1	aggressive	0	0	0			
GCF053165775v1	spades	0	0	0			
GCF054392195v1	base	1	1	0		0.000	0/0/3
GCF054392195v1	model	1	1	0	1.000	1.000	3/0/0
GCF054392195v1	careful	1	1	0	1.000	1.000	3/0/0
GCF054392195v1	aggressive	1	1	0	1.000	1.000	4/0/0
GCF054392195v1	spades	1	1	0			0/0/0
GCF055379745v1	base	0	0	0			
GCF055379745v1	model	0	0	0			
GCF055379745v1	careful	0	0	0			
GCF055379745v1	aggressive	0	0	0			
GCF055379745v1	spades	0	0	0			
GCF055391865v1	base	0	0	0			
GCF055391865v1	model	0	0	0			
GCF055391865v1	careful	0	0	0			
GCF055391865v1	aggressive	0	0	0			
GCF055391865v1	spades	0	0	0			
GCF055392225v1	base	1	1	0	0.615	1.000	8/5/0
GCF055392225v1	model	1	1	0	0.857	1.000	6/1/0
GCF055392225v1	careful	1	1	0	0.857	1.000	6/1/0
GCF055392225v1	aggressive	1	1	0	0.667	1.000	6/3/0
GCF055392225v1	spades	1	1	0			0/0/0
GCF055393085v1	base	2	2	1	1.000	1.000	1/0/0
GCF055393085v1	model	2	2	1	1.000	1.000	1/0/0
GCF055393085v1	careful	2	2	1	1.000	1.000	1/0/0
GCF055393085v1	aggressive	2	2	1	1.000	1.000	1/0/0
GCF055393085v1	spades	2	2	2			0/0/0
GCF055394555v1	base	1	1	1	0.062	1.000	1/15/0
GCF055394555v1	model	1	1	1	1.000	1.000	1/0/0
GCF055394555v1	careful	1	1	1	1.000	1.000	1/0/0
GCF055394555v1	aggressive	1	1	1	0.500	1.000	1/1/0
GCF055394555v1	spades	1	1	0			0/0/0
GCF055396015v1	base	0	0	0			
GCF055396015v1	model	0	0	0			
GCF055396015v1	careful	0	0	0			
GCF055396015v1	aggressive	0	0	0			
GCF055396015v1	spades	0	0	0			
GCF055396615v1	base	0	0	0			
GCF055396615v1	model	0	0	0			
GCF055396615v1	careful	0	0	0			
GCF055396615v1	aggressive	0	0	0			
GCF055396615v1	spades	0	0	0			
GCF057501925v1	base	0	0	0			
GCF057501925v1	model	0	0	0			
GCF057501925v1	careful	0	0	0			
GCF057501925v1	aggressive	0	0	0			
GCF057501925v1	spades	0	0	0			
GCF057584795v1	base	0	0	0			
GCF057584795v1	model	0	0	0			
GCF057584795v1	careful	0	0	0			
GCF057584795v1	aggressive	0	0	0			
GCF057584795v1	spades	0	0	0			
GCF900607255v1	base	2	2	0	0.000	0.000	0/1/9
GCF900607255v1	model	2	2	0	0.750	0.375	3/1/5
GCF900607255v1	careful	2	2	0	0.750	0.750	6/2/2
GCF900607255v1	aggressive	2	2	0	0.600	0.600	6/4/4
GCF900607255v1	spades	2	2	0			0/0/0
GCF900607265v1	base	1	1	0		0.000	0/0/4
GCF900607265v1	model	1	1	0	0.800	0.800	4/1/1
GCF900607265v1	careful	1	1	0	0.800	1.000	4/1/0
GCF900607265v1	aggressive	1	1	0	0.800	0.667	4/1/2
GCF900607265v1	spades	1	1	0			0/0/0
GCF900607275v1	base	0	0	0			
GCF900607275v1	model	0	0	0			
GCF900607275v1	careful	0	0	0			
GCF900607275v1	aggressive	0	0	0			
GCF900607275v1	spades	0	0	0			
GCF900607285v1	base	0	0	0			
GCF900607285v1	model	0	0	0			
GCF900607285v1	careful	0	0	0			
GCF900607285v1	aggressive	0	0	0			
GCF900607285v1	spades	0	0	0			
GCF900607305v1	base	1	1	0		0.000	0/0/2
GCF900607305v1	model	1	1	0		0.000	0/0/2
GCF900607305v1	careful	1	1	0		0.000	0/0/2
GCF900607305v1	aggressive	1	1	0		0.000	0/0/2
GCF900607305v1	spades	1	1	0			0/0/0
GCF900620215v1	base	1	1	0	1.000	1.000	4/0/0
GCF900620215v1	model	1	1	0	1.000	1.000	3/0/0
GCF900620215v1	careful	1	1	1	1.000	1.000	1/0/0
GCF900620215v1	aggressive	1	1	0	1.000	1.000	2/0/0
GCF900620215v1	spades	1	1	1			0/0/0
GCF900620255v1	base	2	2	1	1.000	0.600	3/0/2
GCF900620255v1	model	2	2	1	1.000	1.000	5/0/0
GCF900620255v1	careful	2	2	1	1.000	1.000	5/0/0
GCF900620255v1	aggressive	2	2	1	1.000	1.000	5/0/0
GCF900620255v1	spades	2	2	1			0/0/0
GCF903932595v1	base	0	0	0			
GCF903932595v1	model	0	0	0			
GCF903932595v1	careful	0	0	0			
GCF903932595v1	aggressive	0	0	0			
GCF903932595v1	spades	0	0	0			
