isolate	base|NGA50	base|NG50	base|Genome fraction (%)	base|# misassemblies	base|# local misassemblies	base|# mismatches per 100 kbp	base|# indels per 100 kbp	base|Largest alignment	base|# contigs	base|Duplication ratio	model|NGA50	model|NG50	model|Genome fraction (%)	model|# misassemblies	model|# local misassemblies	model|# mismatches per 100 kbp	model|# indels per 100 kbp	model|Largest alignment	model|# contigs	model|Duplication ratio	careful|NGA50	careful|NG50	careful|Genome fraction (%)	careful|# misassemblies	careful|# local misassemblies	careful|# mismatches per 100 kbp	careful|# indels per 100 kbp	careful|Largest alignment	careful|# contigs	careful|Duplication ratio	aggressive|NGA50	aggressive|NG50	aggressive|Genome fraction (%)	aggressive|# misassemblies	aggressive|# local misassemblies	aggressive|# mismatches per 100 kbp	aggressive|# indels per 100 kbp	aggressive|Largest alignment	aggressive|# contigs	aggressive|Duplication ratio	spades|NGA50	spades|NG50	spades|Genome fraction (%)	spades|# misassemblies	spades|# local misassemblies	spades|# mismatches per 100 kbp	spades|# indels per 100 kbp	spades|Largest alignment	spades|# contigs	spades|Duplication ratio
GCF000010465v1	159250.0	159250.0	97.663	2.0	1.0	5.19	2.23	315696.0	92.0	1.007	230902.0	230902.0	97.624	2.0	1.0	5.55	2.26	315696.0	82.0	1.007	186733.0	186733.0	97.749	2.0	1.0	4.55	2.01	339226.0	78.0	1.007	133173.0	210187.0	97.739	5.0	1.0	13.93	2.35	229916.0	91.0	1.013	178623.0	178623.0	96.961	2.0	1.0	7.02	1.97	283991.0	62.0	1.0
GCF000597965v1	209640.0	209640.0	98.865	0.0	0.0	0.72	1.44	378807.0	48.0	1.006	246779.0	246806.0	98.885	0.0	0.0	0.72	1.44	470232.0	40.0	1.005	230607.0	230607.0	98.968	0.0	0.0	0.58	1.26	387003.0	36.0	1.006	260045.0	260045.0	99.196	0.0	0.0	3.26	1.43	323447.0	50.0	1.009	327267.0	327267.0	98.472	0.0	1.0	2.37	1.17	384935.0	34.0	1.0
GCF001975005v1	460694.0	460694.0	98.798	1.0	0.0	0.69	0.62	633964.0	25.0	1.0	460694.0	460694.0	98.835	1.0	0.0	0.69	0.62	633964.0	23.0	1.0	442666.0	442666.0	98.837	1.0	0.0	0.69	0.62	633964.0	25.0	1.0	462065.0	462065.0	99.039	1.0	0.0	0.93	0.65	635335.0	23.0	1.005	442479.0	442479.0	98.651	0.0	0.0	0.35	0.42	635486.0	23.0	1.0
GCF001975045v1	223540.0	223540.0	98.836	0.0	0.0	0.0	0.07	572788.0	34.0	1.005	461991.0	461991.0	98.836	0.0	0.0	0.0	0.07	572788.0	32.0	1.004	461991.0	461991.0	98.836	0.0	0.0	0.0	0.07	572788.0	32.0	1.004	461991.0	461991.0	98.876	0.0	0.0	0.04	0.07	572788.0	32.0	1.004	283808.0	283808.0	98.617	0.0	0.0	0.21	0.11	638926.0	21.0	1.0
GCF002025125v1	310172.0	310172.0	99.311	0.0	0.0	0.25	0.11	679543.0	35.0	1.003	310172.0	310172.0	99.311	0.0	0.0	0.25	0.11	679543.0	35.0	1.003	309419.0	309419.0	99.242	0.0	0.0	0.25	0.11	679543.0	35.0	1.002	340962.0	386761.0	99.374	3.0	0.0	0.86	0.18	618503.0	28.0	1.002	228732.0	228732.0	98.847	0.0	0.0	0.51	0.14	617739.0	27.0	1.0
GCF002025145v1	285993.0	285993.0	98.917	0.0	0.0	0.47	0.5	663293.0	26.0	1.001	285993.0	285993.0	98.92	0.0	0.0	0.47	0.5	663293.0	24.0	1.001	285947.0	285947.0	98.846	0.0	0.0	0.0	0.11	662315.0	30.0	1.001	339897.0	339897.0	99.229	0.0	0.0	1.32	0.14	662315.0	26.0	1.006	209097.0	209097.0	98.638	0.0	1.0	0.4	0.11	661681.0	32.0	1.0
GCF002097595v2	187770.0	187770.0	98.942	1.0	0.0	2.22	0.17	769725.0	54.0	1.006	237691.0	237691.0	98.919	0.0	0.0	2.22	0.17	769725.0	50.0	1.005	237691.0	237691.0	98.874	0.0	0.0	2.22	0.17	769725.0	56.0	1.006	188791.0	188791.0	99.165	3.0	0.0	6.98	0.49	771123.0	47.0	1.007	263444.0	263444.0	98.538	0.0	0.0	1.2	0.07	768526.0	54.0	1.001
GCF002204555v1	36253.0	36253.0	98.245	0.0	0.0	7.32	0.71	110222.0	165.0	1.006	38461.0	38461.0	98.246	0.0	1.0	7.32	0.71	110222.0	162.0	1.006	39286.0	39286.0	98.239	0.0	1.0	7.33	0.67	110222.0	163.0	1.005	38461.0	38461.0	98.406	0.0	1.0	0.81	0.78	110222.0	164.0	1.007	70109.0	104102.0	98.218	2.0	0.0	5.97	1.35	225354.0	86.0	1.001
GCF002633765v1	534783.0	534783.0	99.201	0.0	0.0	0.0	0.15	595172.0	23.0	1.003	534783.0	534783.0	99.201	0.0	0.0	0.0	0.15	595172.0	23.0	1.003	534783.0	534783.0	99.201	0.0	0.0	0.0	0.15	595172.0	25.0	1.003	534783.0	534783.0	99.69	0.0	0.0	0.3	0.15	604651.0	21.0	1.004	532589.0	532589.0	98.907	0.0	0.0	0.15	0.19	603221.0	17.0	1.0
GCF002633785v1	167285.0	167285.0	98.958	0.0	0.0	0.04	0.21	428174.0	45.0	1.008	208330.0	208330.0	98.963	0.0	0.0	0.04	0.21	428174.0	38.0	1.007	208330.0	208330.0	98.947	0.0	2.0	0.7	0.21	428174.0	41.0	1.007	246142.0	246142.0	99.16	0.0	1.0	1.15	0.21	719149.0	34.0	1.009	174971.0	174971.0	98.252	0.0	1.0	0.61	0.21	426393.0	38.0	1.0
GCF002633805v1	325059.0	325059.0	98.777	0.0	0.0	0.11	0.54	596930.0	27.0	1.0	325059.0	325059.0	98.793	0.0	0.0	0.11	0.54	596930.0	27.0	1.0	325443.0	325443.0	98.769	0.0	0.0	0.11	0.54	596930.0	26.0	1.0	599141.0	599141.0	99.3	1.0	0.0	0.64	0.64	838166.0	28.0	1.006	244105.0	244105.0	98.645	0.0	0.0	0.86	0.54	590051.0	43.0	1.0
GCF002633825v1	542160.0	542160.0	99.144	0.0	2.0	0.15	0.15	1368095.0	18.0	1.0	542160.0	542160.0	99.144	0.0	2.0	0.15	0.15	1368095.0	18.0	1.0	319781.0	319781.0	99.149	0.0	1.0	0.0	0.15	850586.0	20.0	1.0	319781.0	319781.0	99.601	0.0	1.0	0.33	0.18	1311297.0	20.0	1.001	319008.0	319008.0	99.039	0.0	1.0	0.44	0.22	1368360.0	15.0	1.0
GCF002633845v1	169612.0	169612.0	98.576	0.0	1.0	0.18	0.29	546702.0	34.0	1.006	376942.0	376942.0	98.609	0.0	1.0	0.18	0.29	648076.0	26.0	1.004	376942.0	376942.0	98.627	0.0	1.0	0.18	0.29	648076.0	26.0	1.004	377126.0	377126.0	98.757	0.0	1.0	0.22	0.29	648076.0	30.0	1.004	132436.0	132436.0	98.148	0.0	0.0	0.55	0.18	376613.0	37.0	1.0
GCF003031425v1	148685.0	148685.0	98.704	0.0	0.0	6.59	0.6	533592.0	83.0	1.007	245637.0	245637.0	98.776	0.0	0.0	6.66	0.6	594712.0	73.0	1.006	245637.0	245637.0	98.776	0.0	0.0	7.65	0.67	594712.0	76.0	1.006	214959.0	245535.0	98.943	1.0	0.0	7.22	0.67	594712.0	73.0	1.01	150413.0	150413.0	98.115	0.0	1.0	1.32	0.43	533336.0	138.0	1.001
GCF003111725v1	14194.0	14194.0	95.568	2.0	1.0	3.72	0.35	42062.0	395.0	1.012	17440.0	17926.0	95.569	3.0	1.0	3.83	0.35	66519.0	352.0	1.01	18560.0	18560.0	95.615	2.0	1.0	2.88	0.35	66519.0	362.0	1.012	18560.0	18655.0	95.715	3.0	1.0	4.37	0.38	66519.0	349.0	1.014	28223.0	29444.0	95.083	5.0	1.0	7.95	2.07	78810.0	251.0	1.001
GCF003184985v1	92758.0	108281.0	96.787	13.0	3.0	11.61	2.5	303391.0	55.0	1.001	94313.0	108281.0	96.855	13.0	3.0	11.56	2.57	303391.0	47.0	1.001	99175.0	113217.0	97.358	17.0	2.0	11.13	2.23	303492.0	42.0	1.002	95693.0	114507.0	97.564	18.0	4.0	13.59	2.66	308096.0	46.0	1.015	81367.0	98193.0	96.391	8.0	4.0	13.29	2.55	258652.0	45.0	1.0
GCF003194005v1	386464.0	386464.0	98.293	1.0	0.0	0.7	0.35	607295.0	44.0	1.008	386464.0	386464.0	98.292	1.0	0.0	0.7	0.35	607295.0	38.0	1.006	386464.0	386464.0	98.292	1.0	0.0	0.7	0.35	607295.0	37.0	1.006	386464.0	386464.0	98.274	1.0	0.0	0.98	0.35	607295.0	40.0	1.007	384563.0	384563.0	97.846	0.0	1.0	0.39	0.11	608818.0	37.0	1.001
GCF003945405v1	48920.0	48920.0	97.764	1.0	0.0	2.13	0.31	199993.0	103.0	1.005	85375.0	86811.0	98.134	1.0	2.0	2.16	0.31	199993.0	85.0	1.005	76385.0	76385.0	98.324	0.0	0.0	1.98	0.03	200194.0	90.0	1.005	85375.0	86811.0	98.514	1.0	2.0	3.19	0.2	199993.0	88.0	1.01	51383.0	51383.0	96.9	0.0	1.0	0.94	0.42	207881.0	101.0	1.001
GCF003945425v1	62434.0	62434.0	98.091	1.0	0.0	2.86	0.46	203668.0	94.0	1.01	83883.0	83883.0	98.091	1.0	1.0	2.87	0.46	225069.0	86.0	1.007	83883.0	83883.0	97.91	0.0	1.0	1.95	0.1	224790.0	90.0	1.008	83883.0	83883.0	98.674	1.0	1.0	2.22	0.62	225069.0	90.0	1.012	62196.0	62196.0	97.007	0.0	1.0	0.81	0.37	222026.0	97.0	1.001
GCF005931015v2	156892.0	156892.0	99.221	2.0	1.0	0.51	0.4	432723.0	49.0	1.004	182826.0	182826.0	99.221	2.0	1.0	0.51	0.4	589169.0	45.0	1.004	182826.0	182826.0	99.219	2.0	1.0	0.36	0.4	607745.0	52.0	1.004	182826.0	182826.0	99.55	1.0	2.0	0.94	0.4	432723.0	45.0	1.008	340610.0	340610.0	98.935	0.0	1.0	0.11	0.18	462879.0	33.0	1.0
GCF005931035v2	135020.0	135020.0	98.703	0.0	0.0	0.58	0.11	509452.0	54.0	1.002	223997.0	223997.0	98.743	0.0	0.0	0.58	0.15	509452.0	49.0	1.002	223865.0	223865.0	98.692	0.0	0.0	0.58	0.15	509320.0	49.0	1.002	157758.0	157764.0	99.011	1.0	0.0	0.87	0.14	509320.0	45.0	1.005	204038.0	204038.0	98.245	0.0	0.0	0.84	0.0	509241.0	36.0	1.0
GCF005931055v2	228862.0	228862.0	99.408	0.0	0.0	0.68	0.14	565862.0	36.0	1.002	275812.0	275812.0	99.371	0.0	0.0	0.68	0.14	565862.0	32.0	1.002	181149.0	181149.0	99.353	0.0	0.0	0.57	0.14	564964.0	36.0	1.002	276345.0	559363.0	99.439	2.0	0.0	1.18	0.14	748600.0	29.0	1.005	39026.0	39026.0	98.93	0.0	2.0	1.4	0.54	150788.0	138.0	1.004
GCF007185035v1	145661.0	145661.0	98.776	2.0	0.0	0.99	0.68	431315.0	47.0	1.002	145661.0	145661.0	98.776	2.0	0.0	0.99	0.68	431315.0	45.0	1.002	127271.0	143431.0	98.764	3.0	0.0	3.96	0.92	431184.0	53.0	1.002	143217.0	143217.0	98.948	5.0	0.0	3.88	0.72	371872.0	54.0	1.003	73316.0	73316.0	98.507	0.0	0.0	2.09	0.86	292737.0	71.0	1.001
GCF008619075v1	242340.0	242340.0	99.028	0.0	0.0	0.58	0.21	591357.0	44.0	1.002	277048.0	277048.0	99.126	0.0	0.0	0.48	0.24	591357.0	39.0	1.001	278032.0	278032.0	99.127	0.0	0.0	0.48	0.31	590681.0	40.0	1.004	277048.0	277048.0	99.407	0.0	0.0	0.68	0.65	591268.0	39.0	1.006	184157.0	184157.0	98.64	1.0	0.0	0.28	0.21	419723.0	33.0	1.0
GCF008620175v1	29905.0	31275.0	98.158	2.0	0.0	1.89	2.59	90064.0	187.0	1.004	35370.0	35652.0	98.179	2.0	0.0	1.89	2.59	90064.0	175.0	1.003	33756.0	33756.0	97.793	1.0	0.0	1.2	2.07	90064.0	181.0	1.004	35370.0	35652.0	98.18	2.0	0.0	1.89	2.59	90064.0	174.0	1.003	51323.0	51323.0	97.76	1.0	0.0	2.72	2.93	120924.0	108.0	1.001
GCF009176785v1	67139.0	67139.0	97.234	0.0	0.0	0.55	0.03	166684.0	93.0	1.005	68995.0	69007.0	97.232	0.0	3.0	0.48	0.03	166684.0	85.0	1.004	78292.0	78292.0	97.653	0.0	2.0	0.17	0.03	238765.0	80.0	1.005	78297.0	78297.0	97.694	0.0	2.0	0.82	0.03	239787.0	79.0	1.004	77458.0	77458.0	96.622	2.0	0.0	3.88	0.28	195225.0	74.0	1.0
GCF009911895v1	285362.0	285362.0	97.058	8.0	9.0	44.32	4.81	509956.0	34.0	1.001	285365.0	315554.0	97.1	8.0	10.0	44.46	4.85	535429.0	25.0	1.0	316007.0	608998.0	97.137	8.0	9.0	41.42	3.89	608998.0	22.0	1.001	174750.0	174750.0	97.231	9.0	8.0	44.24	4.16	421385.0	42.0	1.005	173788.0	284584.0	96.888	8.0	9.0	41.21	4.05	421410.0	26.0	1.0
GCF009911965v1	108203.0	108203.0	99.093	0.0	0.0	0.83	0.47	304802.0	68.0	1.001	109797.0	109797.0	99.093	0.0	0.0	0.87	0.47	304802.0	65.0	1.001	136500.0	136500.0	99.036	0.0	0.0	0.9	0.47	304802.0	63.0	1.001	109224.0	109224.0	99.113	0.0	0.0	1.01	0.5	304802.0	67.0	1.003	125346.0	125346.0	98.867	0.0	0.0	0.25	0.22	376685.0	237.0	1.0
GCF009912195v1	86767.0	86767.0	98.98	0.0	0.0	0.14	0.36	263023.0	87.0	1.005	99004.0	99004.0	98.98	0.0	0.0	0.14	0.39	263023.0	79.0	1.004	94217.0	94217.0	98.966	0.0	0.0	0.18	0.36	263023.0	81.0	1.004	99004.0	99004.0	99.234	0.0	0.0	0.36	0.43	263023.0	83.0	1.004	92223.0	92223.0	98.072	1.0	0.0	1.37	0.43	249161.0	373.0	1.0
GCF009912375v1	153194.0	153194.0	99.08	1.0	0.0	0.44	0.29	313960.0	59.0	1.003	162059.0	162059.0	99.105	1.0	0.0	0.18	0.25	313960.0	55.0	1.003	123996.0	123996.0	99.162	1.0	0.0	0.18	0.29	313960.0	63.0	1.004	162372.0	162372.0	99.425	1.0	0.0	0.22	0.25	313960.0	59.0	1.004	161814.0	161814.0	98.981	0.0	0.0	0.07	0.11	459620.0	226.0	1.0
GCF009912455v1	620516.0	620516.0	99.117	0.0	0.0	0.0	0.15	992257.0	25.0	1.002	620516.0	620516.0	99.117	0.0	0.0	0.0	0.15	992257.0	25.0	1.002	620117.0	620117.0	99.029	0.0	0.0	0.0	0.15	992257.0	24.0	1.002	621168.0	621168.0	99.592	0.0	0.0	0.04	0.15	992257.0	23.0	1.003	618988.0	618988.0	98.958	0.0	1.0	0.19	0.53	991162.0	123.0	1.001
GCF009912535v1	181322.0	181322.0	99.051	0.0	1.0	0.22	0.07	556817.0	38.0	1.004	264086.0	264086.0	99.051	0.0	1.0	0.22	0.07	581154.0	33.0	1.003	195484.0	195484.0	99.018	0.0	1.0	0.18	0.07	556817.0	36.0	1.003	195484.0	195484.0	99.292	0.0	1.0	0.47	0.11	581154.0	35.0	1.003	181173.0	181173.0	98.705	0.0	0.0	0.51	0.22	544161.0	169.0	1.0
GCF009912595v1	107005.0	107005.0	98.905	0.0	1.0	0.74	0.14	417805.0	65.0	1.005	107005.0	107005.0	98.925	0.0	2.0	0.85	0.14	417805.0	63.0	1.004	116962.0	116962.0	98.917	0.0	3.0	1.1	0.14	417805.0	64.0	1.004	128097.0	128097.0	99.309	0.0	1.0	0.77	0.14	417805.0	58.0	1.005	171076.0	171076.0	98.328	0.0	1.0	0.32	0.07	509441.0	279.0	1.0
GCF009912795v1	78336.0	78336.0	98.519	1.0	0.0	0.52	0.24	240308.0	118.0	1.007	89935.0	89935.0	98.504	1.0	2.0	1.24	0.27	313825.0	110.0	1.007	79579.0	79579.0	98.509	1.0	2.0	1.24	0.27	313825.0	118.0	1.007	78336.0	78336.0	98.455	1.0	1.0	5.45	0.24	313825.0	93.0	1.01	98286.0	98286.0	97.644	0.0	1.0	0.91	0.14	182519.0	293.0	1.001
GCF009912815v1	419941.0	419941.0	99.491	0.0	0.0	0.15	0.07	683200.0	42.0	1.003	730848.0	730848.0	99.491	0.0	0.0	0.15	0.07	916568.0	40.0	1.003	367020.0	367020.0	99.428	0.0	0.0	0.15	0.11	682846.0	46.0	1.003	730848.0	730848.0	99.786	0.0	0.0	0.04	0.04	917103.0	38.0	1.004	786105.0	786105.0	99.221	0.0	0.0	0.07	0.18	1040448.0	234.0	1.0
GCF009913075v1	171088.0	171088.0	98.83	0.0	2.0	5.0	0.61	607186.0	55.0	1.004	171088.0	171088.0	98.83	0.0	2.0	5.0	0.61	607186.0	53.0	1.004	171088.0	171088.0	98.853	0.0	3.0	5.68	0.61	606625.0	58.0	1.004	171088.0	171088.0	99.168	1.0	2.0	5.01	0.68	609147.0	47.0	1.006	174637.0	174637.0	98.611	0.0	1.0	1.87	0.04	607105.0	203.0	1.001
GCF010364725v2	5653.0	5653.0	94.915	1.0	0.0	2.99	0.3	30455.0	713.0	1.005	5781.0	5799.0	94.938	1.0	0.0	2.96	0.3	41743.0	704.0	1.005	5834.0	5834.0	95.191	1.0	0.0	0.91	0.19	41743.0	703.0	1.004	5781.0	5799.0	95.213	2.0	0.0	6.07	0.87	41743.0	718.0	1.006	14366.0	14381.0	97.179	1.0	0.0	14.42	0.74	79324.0	329.0	1.001
GCF011032785v1	301143.0	623045.0	98.961	1.0	0.0	0.69	0.44	716153.0	24.0	1.001	301143.0	623045.0	98.961	1.0	0.0	0.69	0.44	716153.0	24.0	1.001	301143.0	623045.0	98.961	1.0	0.0	0.65	0.44	716153.0	25.0	1.001	266255.0	302353.0	99.175	2.0	0.0	0.94	0.11	716153.0	25.0	1.004	264285.0	264285.0	98.688	0.0	1.0	2.88	0.8	716110.0	23.0	1.0
GCF013836525v1	61160.0	61160.0	97.549	1.0	0.0	3.64	0.63	255525.0	118.0	1.003	78218.0	78218.0	97.611	1.0	0.0	3.92	0.7	321463.0	97.0	1.003	88216.0	88216.0	97.971	2.0	0.0	4.77	0.38	321463.0	92.0	1.004	86245.0	86245.0	97.59	2.0	0.0	15.61	1.08	321463.0	106.0	1.007	95425.0	95425.0	97.017	0.0	0.0	1.24	0.28	380763.0	78.0	1.0
GCF013836745v1	52382.0	52531.0	97.293	4.0	0.0	5.29	0.82	163874.0	121.0	1.006	76446.0	82360.0	97.303	4.0	0.0	5.5	0.82	163874.0	106.0	1.006	78601.0	78601.0	97.338	1.0	2.0	1.39	0.21	184121.0	90.0	1.003	66163.0	66163.0	97.441	5.0	0.0	10.72	1.17	163874.0	117.0	1.008	65471.0	65471.0	96.897	0.0	2.0	3.15	0.86	292134.0	96.0	1.0
GCF014696255v1	205660.0	205660.0	98.899	0.0	0.0	0.28	0.07	487171.0	42.0	1.002	219843.0	219843.0	98.912	0.0	0.0	0.28	0.07	487171.0	38.0	1.002	198296.0	198296.0	98.855	0.0	0.0	0.28	0.07	291481.0	47.0	1.002	196335.0	196335.0	99.329	0.0	0.0	2.67	0.28	291481.0	41.0	1.008	231262.0	231262.0	98.611	0.0	0.0	0.42	0.21	355838.0	54.0	1.001
GCF014696415v1	165281.0	165281.0	99.076	0.0	0.0	0.07	0.54	341113.0	42.0	1.009	204029.0	204029.0	99.076	0.0	0.0	0.07	0.54	549661.0	37.0	1.006	204029.0	204029.0	99.072	0.0	0.0	0.07	0.54	549688.0	39.0	1.007	204029.0	204029.0	99.447	1.0	0.0	0.61	0.68	607662.0	35.0	1.009	202148.0	202148.0	98.278	0.0	1.0	0.18	0.59	338201.0	36.0	1.0
GCF014696535v1	319712.0	320926.0	98.862	0.0	0.0	0.29	0.51	771109.0	43.0	1.004	319712.0	320926.0	98.862	0.0	0.0	0.29	0.54	771109.0	40.0	1.004	318924.0	318924.0	98.949	1.0	0.0	0.47	0.54	771109.0	40.0	1.007	283119.0	283119.0	99.332	0.0	0.0	0.93	0.72	490470.0	42.0	1.007	278960.0	278960.0	98.715	0.0	1.0	0.33	0.25	397485.0	49.0	1.0
GCF014696685v1	397894.0	397894.0	99.072	0.0	0.0	0.0	0.5	803305.0	23.0	1.001	397894.0	397894.0	99.072	0.0	0.0	0.0	0.5	1356395.0	22.0	1.001	314923.0	314923.0	99.072	0.0	0.0	0.0	0.5	866078.0	27.0	1.001	398752.0	398752.0	99.136	1.0	0.0	0.46	0.53	1356702.0	19.0	1.001	397157.0	397157.0	99.001	0.0	0.0	0.39	0.46	1355791.0	30.0	1.0
GCF014696835v1	540871.0	540871.0	99.176	0.0	0.0	0.83	0.18	750338.0	22.0	1.001	540871.0	540871.0	99.176	0.0	0.0	0.83	0.18	1365473.0	21.0	1.001	540871.0	540871.0	99.157	0.0	0.0	0.83	0.18	750165.0	25.0	1.001	540871.0	540871.0	99.411	0.0	0.0	0.97	0.18	750165.0	25.0	1.002	1028589.0	1028589.0	99.076	0.0	0.0	1.4	0.32	1291550.0	25.0	1.0
GCF014696975v1	258942.0	258942.0	98.794	0.0	1.0	0.65	0.18	497839.0	35.0	1.003	258942.0	258942.0	98.827	0.0	1.0	0.65	0.18	497839.0	33.0	1.002	192920.0	192920.0	98.775	0.0	1.0	0.65	0.18	497839.0	37.0	1.003	258942.0	258942.0	99.129	0.0	1.0	1.3	0.18	519203.0	30.0	1.003	292842.0	292842.0	98.445	0.0	1.0	0.18	0.04	498083.0	51.0	1.0
GCF015732455v1	388095.0	435145.0	98.8	1.0	0.0	1.49	0.83	1037812.0	26.0	1.0	388095.0	435145.0	98.757	1.0	0.0	1.49	0.83	1037813.0	23.0	1.001	388095.0	435145.0	98.757	1.0	0.0	1.49	0.83	1037813.0	22.0	1.0	388095.0	435145.0	98.905	1.0	0.0	1.41	0.83	1037813.0	27.0	1.0	251865.0	251865.0	98.7	0.0	1.0	0.51	0.62	1037974.0	20.0	1.0
GCF016591995v1	35068.0	35068.0	98.561	0.0	0.0	0.46	1.65	117162.0	218.0	1.009	35068.0	35068.0	98.561	0.0	0.0	0.46	1.65	117162.0	214.0	1.009	35068.0	35068.0	98.566	1.0	0.0	0.49	1.68	117162.0	220.0	1.011	35068.0	35068.0	98.836	0.0	0.0	0.28	1.51	117162.0	217.0	1.009	51105.0	51105.0	98.286	1.0	0.0	0.6	1.35	121003.0	139.0	1.001
GCF016894285v1	127158.0	127158.0	98.758	1.0	0.0	2.41	0.5	357510.0	58.0	1.001	244195.0	244195.0	98.761	1.0	0.0	2.41	0.5	357510.0	51.0	1.001	244195.0	244195.0	98.833	0.0	0.0	0.36	0.14	357520.0	55.0	1.001	244195.0	244195.0	98.855	1.0	0.0	2.44	0.5	357510.0	55.0	1.001	318287.0	318287.0	98.876	0.0	0.0	1.18	0.68	939272.0	29.0	1.0
GCF017088305v1	697363.0	697363.0	99.002	2.0	2.0	0.87	0.25	707971.0	20.0	1.0	697363.0	697363.0	99.002	2.0	2.0	0.87	0.25	708202.0	16.0	1.0	371798.0	619990.0	99.019	2.0	2.0	1.01	0.22	708202.0	20.0	1.0	697363.0	697363.0	99.002	1.0	2.0	3.24	0.22	708202.0	19.0	1.0	75275.0	75275.0	98.746	0.0	4.0	2.35	0.9	296158.0	60.0	1.001
GCF017088385v1	106177.0	108001.0	98.731	1.0	0.0	0.47	0.69	291737.0	65.0	1.001	108001.0	108125.0	98.747	1.0	0.0	0.47	0.69	291737.0	58.0	1.001	108001.0	108001.0	98.767	0.0	0.0	0.07	0.65	281404.0	60.0	1.001	106177.0	108001.0	98.773	1.0	0.0	0.76	0.69	291737.0	60.0	1.001	110516.0	110516.0	98.535	0.0	2.0	2.18	0.84	294390.0	54.0	1.0
GCF018093065v1	21219.0	21219.0	98.024	0.0	0.0	0.54	0.58	169752.0	251.0	1.008	28066.0	28066.0	98.044	0.0	0.0	0.54	0.58	184898.0	199.0	1.007	26972.0	26972.0	98.034	1.0	0.0	0.58	0.58	184898.0	219.0	1.012	27856.0	27856.0	98.101	0.0	0.0	0.43	0.58	184898.0	193.0	1.004	73454.0	73454.0	98.664	1.0	0.0	0.79	1.59	158831.0	110.0	1.001
GCF018093205v1	23202.0	23202.0	97.9	0.0	0.0	1.12	1.9	75545.0	277.0	1.007	25252.0	25252.0	97.912	0.0	0.0	1.16	1.94	77625.0	256.0	1.007	27126.0	27126.0	97.85	0.0	0.0	1.15	1.97	134931.0	249.0	1.009	26204.0	26266.0	97.881	0.0	0.0	1.19	1.98	77625.0	251.0	1.007	44816.0	46195.0	98.195	0.0	1.0	2.95	2.28	173538.0	174.0	1.001
GCF018409145v1	138863.0	138863.0	98.525	0.0	1.0	0.03	0.14	324852.0	87.0	1.005	163360.0	163360.0	98.63	1.0	1.0	0.55	0.21	330794.0	75.0	1.005	151650.0	151650.0	98.638	2.0	2.0	5.68	0.14	330600.0	77.0	1.005	133297.0	133297.0	98.63	1.0	1.0	0.55	0.21	330794.0	76.0	1.005	90751.0	90751.0	98.475	3.0	0.0	5.71	0.66	307562.0	136.0	1.003
GCF019653615v1	87409.0	87409.0	98.897	0.0	3.0	0.48	0.41	164276.0	89.0	1.008	87409.0	87409.0	98.909	0.0	3.0	0.48	0.48	178009.0	85.0	1.008	88493.0	88493.0	98.834	0.0	3.0	0.31	0.62	179114.0	85.0	1.014	74063.0	74063.0	98.9	0.0	3.0	3.7	0.79	179093.0	88.0	1.017	72097.0	74028.0	97.425	2.0	1.0	5.58	0.95	168765.0	88.0	1.001
GCF021725475v1	284444.0	284444.0	98.908	1.0	0.0	5.81	0.47	546622.0	39.0	1.004	284444.0	284444.0	98.951	1.0	0.0	5.81	0.5	546622.0	38.0	1.003	284444.0	284444.0	98.822	1.0	0.0	4.84	0.43	546622.0	35.0	1.003	284444.0	428923.0	98.802	2.0	0.0	4.85	0.62	546622.0	27.0	1.002	428324.0	428324.0	98.588	2.0	0.0	3.81	0.25	545654.0	27.0	1.001
GCF021869805v1	153945.0	153945.0	98.569	1.0	1.0	1.02	0.42	283820.0	54.0	1.003	153945.0	153945.0	98.605	1.0	2.0	1.02	0.39	283820.0	50.0	1.003	213593.0	213593.0	98.742	2.0	0.0	0.7	0.11	335713.0	54.0	1.006	140107.0	140113.0	98.781	1.0	2.0	1.79	0.46	316293.0	63.0	1.005	189919.0	189919.0	98.149	0.0	0.0	1.17	0.18	433492.0	40.0	1.0
GCF022221565v1	427468.0	427468.0	99.175	0.0	0.0	0.04	0.18	1028979.0	32.0	1.001	427468.0	427468.0	99.197	0.0	0.0	0.0	0.18	1028979.0	21.0	1.001	427468.0	427468.0	99.176	1.0	0.0	0.04	0.18	1028979.0	21.0	1.001	427468.0	427468.0	99.207	1.0	0.0	0.43	0.18	1028979.0	23.0	1.002	426282.0	426282.0	98.775	0.0	0.0	2.27	0.22	978076.0	27.0	1.0
GCF022404615v1	421663.0	421663.0	99.072	0.0	1.0	0.1	0.1	893548.0	34.0	1.002	476580.0	476580.0	99.079	0.0	1.0	0.1	0.1	1190315.0	30.0	1.002	327334.0	327334.0	99.078	0.0	0.0	0.0	0.1	863179.0	32.0	1.002	429955.0	429955.0	99.171	0.0	1.0	0.17	0.1	1190315.0	30.0	1.003	304479.0	304479.0	98.909	1.0	0.0	0.45	0.14	1046391.0	29.0	1.0
GCF022404755v1	493999.0	493999.0	98.966	0.0	0.0	0.18	0.29	564178.0	23.0	1.0	757225.0	757344.0	98.915	0.0	2.0	0.4	0.33	955422.0	20.0	1.001	548032.0	548032.0	98.941	0.0	1.0	0.29	0.29	955048.0	23.0	1.0	758623.0	758742.0	99.506	0.0	2.0	1.08	0.57	956852.0	23.0	1.003	461199.0	461199.0	98.733	0.0	0.0	0.33	0.04	758149.0	18.0	1.0
GCF022404775v1	501836.0	501836.0	99.003	0.0	0.0	1.22	0.9	565217.0	34.0	1.003	684708.0	684708.0	99.052	0.0	1.0	1.26	0.9	962473.0	32.0	1.003	551126.0	551126.0	99.059	0.0	1.0	1.15	0.9	962099.0	35.0	1.003	684393.0	684393.0	99.635	1.0	1.0	1.42	0.64	963903.0	31.0	1.008	301038.0	301064.0	98.642	0.0	0.0	0.36	0.14	757942.0	30.0	1.001
GCF022405055v1	979539.0	979539.0	99.176	0.0	0.0	0.0	0.07	985419.0	25.0	1.002	979539.0	979539.0	99.176	0.0	0.0	0.0	0.07	985419.0	25.0	1.002	977469.0	977469.0	99.176	0.0	0.0	0.0	0.07	985419.0	27.0	1.002	980286.0	980286.0	99.453	0.0	0.0	0.29	0.11	986020.0	24.0	1.003	978914.0	978914.0	99.056	0.0	0.0	0.0	0.04	985358.0	16.0	1.0
GCF022405075v1	114448.0	114448.0	97.683	0.0	0.0	0.53	0.0	301777.0	65.0	1.001	114448.0	114448.0	97.601	1.0	0.0	0.53	0.0	301777.0	64.0	1.002	114448.0	114448.0	97.601	1.0	0.0	0.53	0.0	301777.0	65.0	1.002	115130.0	115130.0	98.243	0.0	0.0	1.38	0.18	302021.0	67.0	1.005	113865.0	113865.0	97.131	0.0	0.0	0.0	0.04	301220.0	57.0	1.001
GCF022405145v1	393334.0	393334.0	98.483	0.0	0.0	0.24	0.17	836438.0	43.0	1.002	393334.0	393334.0	98.428	0.0	0.0	0.24	0.17	836438.0	42.0	1.003	393567.0	393567.0	98.421	0.0	0.0	0.24	0.14	706552.0	44.0	1.003	338820.0	338820.0	98.648	0.0	1.0	0.24	0.17	836438.0	39.0	1.004	391582.0	391582.0	98.34	0.0	0.0	0.21	0.14	612042.0	24.0	1.0
GCF022405185v1	661689.0	661689.0	99.221	0.0	1.0	0.04	0.15	1353886.0	16.0	1.0	1019483.0	1019483.0	99.22	0.0	1.0	0.04	0.15	1353886.0	14.0	1.0	551880.0	551880.0	99.223	0.0	0.0	0.44	0.4	1230697.0	18.0	1.0	469033.0	469039.0	99.722	0.0	1.0	0.29	0.15	1353886.0	14.0	1.002	650449.0	650449.0	99.019	0.0	0.0	0.04	0.11	1177000.0	14.0	1.0
GCF022405275v1	245065.0	245065.0	99.115	0.0	0.0	0.07	0.04	710307.0	29.0	1.003	633736.0	633736.0	99.115	0.0	0.0	0.11	0.04	1356260.0	21.0	1.002	633736.0	633736.0	99.115	0.0	0.0	0.11	0.04	1356260.0	21.0	1.002	633736.0	633736.0	99.236	0.0	0.0	0.04	0.04	1357476.0	23.0	1.004	243817.0	243817.0	98.698	0.0	0.0	0.04	0.07	707702.0	24.0	1.0
GCF022405295v1	1059656.0	1059656.0	98.876	0.0	0.0	0.18	0.18	1322552.0	12.0	1.0	1059656.0	1059656.0	98.876	0.0	0.0	0.18	0.18	1322552.0	12.0	1.0	1059656.0	1059656.0	98.876	0.0	0.0	0.18	0.18	1322552.0	12.0	1.0	709030.0	709030.0	98.922	0.0	0.0	0.51	0.18	1322552.0	15.0	1.0	708698.0	708698.0	98.804	0.0	0.0	0.47	0.66	1321253.0	13.0	1.0
GCF022405335v1	127695.0	148607.0	98.737	1.0	0.0	0.47	0.04	578331.0	39.0	1.008	154247.0	180691.0	98.752	1.0	0.0	0.47	0.04	578331.0	35.0	1.007	127695.0	127695.0	98.745	1.0	0.0	1.02	0.04	475624.0	38.0	1.006	154247.0	180691.0	98.78	1.0	0.0	0.47	0.04	578331.0	34.0	1.01	170218.0	170218.0	98.053	0.0	1.0	0.15	0.07	449944.0	36.0	1.0
GCF022405415v1	304461.0	304461.0	99.135	0.0	0.0	2.84	0.37	472329.0	27.0	1.001	304461.0	304461.0	99.135	0.0	0.0	2.84	0.37	507611.0	26.0	1.001	304461.0	304461.0	99.135	0.0	0.0	2.8	0.37	472329.0	27.0	1.001	474887.0	474887.0	99.406	0.0	1.0	3.08	0.37	508309.0	21.0	1.005	270108.0	270108.0	98.671	0.0	1.0	2.93	0.33	472114.0	24.0	1.0
GCF022405435v1	333276.0	333276.0	99.332	0.0	2.0	0.47	0.11	794675.0	28.0	1.003	658360.0	658360.0	99.332	0.0	2.0	4.19	1.24	794675.0	25.0	1.003	433749.0	433749.0	99.337	0.0	2.0	4.19	1.24	1300599.0	25.0	1.003	658360.0	658360.0	99.498	0.0	2.0	4.35	1.27	794675.0	23.0	1.005	311089.0	311089.0	98.941	0.0	0.0	0.37	0.15	651490.0	23.0	1.0
GCF022405455v1	661852.0	661852.0	99.001	0.0	0.0	0.14	0.07	884443.0	30.0	1.003	768864.0	768864.0	99.077	0.0	0.0	0.14	0.07	894855.0	25.0	1.002	768864.0	768864.0	99.058	0.0	0.0	0.14	0.07	894855.0	24.0	1.002	664354.0	664354.0	99.243	0.0	0.0	0.25	0.07	896015.0	22.0	1.004	661584.0	661584.0	98.79	0.0	0.0	0.0	0.07	884434.0	21.0	1.0
GCF022405495v1	115784.0	115784.0	98.639	1.0	0.0	1.79	0.03	369540.0	66.0	1.005	115784.0	115784.0	98.639	1.0	0.0	1.79	0.03	369540.0	65.0	1.005	115784.0	115784.0	98.667	1.0	0.0	0.86	0.03	369540.0	69.0	1.005	116298.0	116298.0	98.783	1.0	0.0	2.16	0.07	369540.0	61.0	1.006	114562.0	114562.0	97.731	0.0	0.0	0.1	0.0	368824.0	62.0	1.001
GCF022405535v1	443756.0	443756.0	99.285	0.0	0.0	0.11	0.11	543552.0	26.0	1.001	543552.0	543552.0	99.225	0.0	0.0	0.11	0.11	1303152.0	21.0	1.001	543552.0	543552.0	99.273	0.0	0.0	0.07	0.11	1355255.0	19.0	1.001	712662.0	712662.0	99.543	0.0	1.0	0.22	0.07	1304912.0	17.0	1.001	350000.0	350000.0	98.847	0.0	0.0	0.11	0.04	502845.0	23.0	1.0
GCF022405575v1	336002.0	336008.0	99.162	0.0	0.0	1.2	0.21	754625.0	22.0	1.001	562557.0	562557.0	99.167	0.0	0.0	0.67	0.25	754625.0	20.0	1.001	528498.0	528498.0	99.159	0.0	0.0	0.07	0.18	754187.0	22.0	1.001	562557.0	562557.0	99.379	0.0	0.0	1.44	0.6	754625.0	21.0	1.001	753346.0	753346.0	99.042	0.0	0.0	0.0	0.07	756255.0	14.0	1.0
GCF022405595v1	651228.0	651228.0	99.126	0.0	0.0	0.07	0.0	911260.0	28.0	1.002	706145.0	706145.0	99.127	0.0	0.0	0.07	0.0	911260.0	26.0	1.002	706145.0	706145.0	99.127	0.0	0.0	0.07	0.0	911260.0	28.0	1.003	652249.0	652249.0	99.533	0.0	0.0	0.07	0.0	851322.0	32.0	1.004	348953.0	348953.0	98.871	0.0	0.0	0.21	0.04	561718.0	28.0	1.0
GCF022405615v1	115156.0	115156.0	98.523	0.0	0.0	0.07	0.0	372044.0	46.0	1.0	115156.0	115156.0	98.503	1.0	0.0	0.07	0.0	372044.0	45.0	1.0	115156.0	115156.0	98.516	1.0	0.0	0.07	0.0	372044.0	47.0	1.0	116350.0	116350.0	99.038	1.0	0.0	0.11	0.0	372044.0	45.0	1.001	114778.0	114778.0	98.081	0.0	0.0	0.54	0.07	371328.0	41.0	1.0
GCF022405655v1	704954.0	704954.0	99.263	0.0	0.0	0.0	0.0	1019703.0	18.0	1.004	1019703.0	1019703.0	99.263	0.0	0.0	0.0	0.0	1232163.0	15.0	1.002	1019703.0	1019703.0	99.263	0.0	0.0	0.0	0.0	1232163.0	15.0	1.002	1019703.0	1019703.0	99.431	0.0	0.0	0.0	0.0	1232163.0	16.0	1.003	702184.0	702184.0	98.998	0.0	0.0	0.0	0.0	1019593.0	18.0	1.0
GCF022405675v1	295078.0	295078.0	99.056	0.0	0.0	1.37	0.65	713906.0	29.0	1.003	323614.0	323614.0	99.056	0.0	0.0	1.37	0.65	713906.0	24.0	1.001	323297.0	323297.0	99.052	0.0	0.0	1.37	0.69	765036.0	24.0	1.001	302191.0	302191.0	99.13	0.0	0.0	2.74	0.69	713906.0	26.0	1.001	294670.0	294670.0	98.792	0.0	0.0	1.56	0.73	405728.0	25.0	1.0
GCF022405735v1	673289.0	673289.0	99.096	0.0	0.0	0.0	0.04	797501.0	20.0	1.0	673289.0	673289.0	99.096	0.0	0.0	0.0	0.04	797501.0	20.0	1.0	430020.0	430020.0	99.093	0.0	0.0	0.0	0.04	797501.0	23.0	1.0	675147.0	675147.0	99.477	0.0	0.0	0.26	0.04	1023503.0	18.0	1.004	654853.0	654853.0	98.895	0.0	0.0	0.07	0.04	796765.0	27.0	1.0
GCF022405815v1	170892.0	170892.0	98.863	0.0	1.0	0.72	0.07	476187.0	47.0	1.003	170892.0	170892.0	98.896	0.0	2.0	0.79	0.07	476187.0	39.0	1.003	170892.0	170892.0	98.867	0.0	2.0	0.9	0.07	706531.0	41.0	1.004	170892.0	170892.0	99.066	0.0	3.0	1.86	0.04	477106.0	40.0	1.009	170885.0	170885.0	98.266	0.0	0.0	0.04	0.04	475931.0	40.0	1.001
GCF022405875v1	155555.0	155555.0	98.427	0.0	0.0	0.11	0.0	386591.0	44.0	1.002	210462.0	210462.0	98.413	1.0	0.0	0.11	0.04	505225.0	39.0	1.002	210462.0	210462.0	98.427	0.0	0.0	0.07	0.0	505225.0	44.0	1.002	212349.0	212349.0	98.943	0.0	0.0	0.36	0.0	433767.0	41.0	1.006	155526.0	155526.0	98.111	0.0	0.0	0.22	0.07	386412.0	37.0	1.0
GCF022405895v1	272584.0	272584.0	99.115	0.0	0.0	0.11	0.07	525483.0	32.0	1.003	272584.0	272584.0	99.115	0.0	0.0	0.11	0.07	525483.0	27.0	1.002	272584.0	272584.0	99.115	0.0	0.0	0.11	0.07	525483.0	27.0	1.002	316508.0	316508.0	99.221	0.0	0.0	0.14	0.07	526832.0	24.0	1.003	235381.0	235381.0	98.766	0.0	1.0	0.18	0.07	525447.0	27.0	1.0
GCF022405915v1	466510.0	466510.0	99.135	0.0	0.0	0.04	0.04	696144.0	23.0	1.001	696144.0	696144.0	99.135	0.0	0.0	0.04	0.04	1362637.0	17.0	1.001	696144.0	696144.0	99.135	0.0	0.0	0.04	0.04	1362637.0	18.0	1.001	466980.0	466980.0	99.214	0.0	0.0	0.07	0.0	696417.0	17.0	1.004	543448.0	543448.0	98.849	0.0	0.0	0.11	0.0	1022621.0	18.0	1.0
GCF022406035v1	124277.0	124277.0	98.978	0.0	0.0	0.35	0.1	392027.0	60.0	1.003	159432.0	159432.0	98.956	0.0	0.0	0.35	0.1	816433.0	48.0	1.003	159432.0	159432.0	98.955	0.0	1.0	0.55	0.1	815872.0	51.0	1.003	160433.0	160433.0	98.967	1.0	0.0	2.07	0.14	718581.0	49.0	1.009	148958.0	148958.0	98.189	2.0	0.0	0.0	0.0	392027.0	46.0	1.001
GCF022406315v1	268456.0	268456.0	99.136	0.0	0.0	0.18	0.04	760051.0	26.0	1.001	382916.0	382916.0	99.173	0.0	0.0	0.18	0.04	1349165.0	20.0	1.001	382933.0	382933.0	99.174	0.0	0.0	0.18	0.04	1349165.0	20.0	1.001	504128.0	504128.0	99.229	0.0	1.0	0.48	0.04	761565.0	23.0	1.004	268015.0	268015.0	98.857	0.0	0.0	0.33	0.0	758790.0	22.0	1.0
GCF022406795v1	411365.0	411365.0	99.384	0.0	0.0	0.18	0.11	562727.0	33.0	1.004	411365.0	411365.0	99.354	0.0	0.0	0.18	0.11	562727.0	33.0	1.005	411365.0	411365.0	99.382	0.0	0.0	0.18	0.11	562727.0	35.0	1.004	353947.0	353947.0	99.51	1.0	0.0	0.55	0.11	563386.0	32.0	1.009	206557.0	206557.0	98.75	0.0	0.0	0.11	0.07	562463.0	29.0	1.0
GCF022693165v1	100704.0	100704.0	98.51	0.0	0.0	0.1	0.0	362812.0	87.0	1.008	125253.0	125253.0	98.54	0.0	0.0	0.1	0.0	362812.0	76.0	1.005	125253.0	125253.0	98.488	0.0	0.0	0.03	0.0	362812.0	77.0	1.005	125253.0	125253.0	98.75	1.0	1.0	0.48	0.0	362812.0	71.0	1.006	171686.0	171686.0	98.145	0.0	0.0	0.7	0.14	410836.0	59.0	1.001
GCF022693245v1	58027.0	58027.0	98.184	4.0	0.0	0.9	0.66	153466.0	140.0	1.01	58027.0	58625.0	98.187	5.0	0.0	0.9	0.66	153466.0	136.0	1.009	58027.0	58625.0	98.202	5.0	0.0	0.83	0.66	153466.0	136.0	1.009	58625.0	59976.0	98.586	6.0	0.0	3.02	0.69	153466.0	134.0	1.01	112053.0	112180.0	97.935	0.0	0.0	1.33	1.43	423560.0	81.0	1.001
GCF022832835v1	67805.0	1041735.0	89.306	61.0	32.0	413.64	22.25	214292.0	21.0	1.005	71228.0	1041735.0	89.311	61.0	32.0	413.62	22.25	214292.0	20.0	1.005	72215.0	981753.0	89.293	61.0	32.0	413.45	22.25	214292.0	23.0	1.005	71228.0	1020062.0	89.541	62.0	32.0	413.88	22.25	214292.0	24.0	1.005	67734.0	874890.0	89.396	58.0	33.0	417.33	22.42	214292.0	44.0	1.003
GCF024363385v1	22109.0	22109.0	97.319	4.0	2.0	0.72	1.63	61380.0	242.0	1.005	29378.0	29954.0	97.345	4.0	3.0	0.94	1.7	92205.0	203.0	1.004	18949.0	20097.0	97.969	7.0	2.0	0.96	1.78	99347.0	336.0	1.013	29954.0	29954.0	97.301	4.0	3.0	0.72	1.74	92205.0	197.0	1.004	6993.0	7078.0	97.506	4.0	4.0	6.82	2.37	25940.0	627.0	1.012
GCF026547035v1	71874.0	71874.0	98.984	1.0	2.0	3.52	1.07	229274.0	85.0	1.004	104638.0	117478.0	99.024	1.0	2.0	3.52	1.07	337568.0	68.0	1.004	92161.0	104956.0	98.979	1.0	1.0	3.48	0.99	337568.0	70.0	1.005	117478.0	129109.0	99.209	2.0	1.0	3.58	0.99	337568.0	63.0	1.005	269449.0	269449.0	98.525	0.0	4.0	4.59	1.04	467038.0	36.0	1.001
GCF028596245v1	208842.0	208842.0	99.324	0.0	0.0	0.04	0.04	544440.0	31.0	1.001	524411.0	524411.0	99.347	0.0	0.0	0.04	0.04	1034960.0	25.0	1.002	385670.0	385670.0	99.43	0.0	0.0	0.04	0.04	1034960.0	26.0	1.001	524411.0	524411.0	99.388	0.0	0.0	0.18	0.04	1036124.0	24.0	1.005	209667.0	209667.0	98.781	0.0	0.0	0.33	0.11	542847.0	26.0	1.0
GCF030063985v1	512325.0	512325.0	98.939	0.0	0.0	0.39	0.21	1183110.0	47.0	1.003	512325.0	512325.0	99.061	0.0	0.0	0.39	0.21	1183110.0	40.0	1.004	512325.0	512325.0	99.093	0.0	0.0	0.25	0.21	1291769.0	44.0	1.004	512325.0	512325.0	99.492	0.0	0.0	1.2	0.35	1291646.0	45.0	1.006	846297.0	846297.0	98.763	0.0	2.0	0.93	0.25	1184079.0	28.0	1.0
GCF030064025v1	291447.0	325412.0	97.564	2.0	3.0	22.77	4.2	705159.0	22.0	1.001	291447.0	325412.0	97.564	2.0	3.0	22.77	4.2	705159.0	22.0	1.001	291205.0	325412.0	97.467	3.0	3.0	22.5	4.2	704208.0	21.0	1.001	291447.0	325412.0	97.677	3.0	3.0	22.81	4.19	705159.0	23.0	1.001	290245.0	323915.0	97.261	3.0	4.0	23.73	4.32	598483.0	18.0	1.0
GCF030064045v1	160501.0	160501.0	98.41	0.0	1.0	3.49	0.38	422593.0	41.0	1.001	224716.0	224716.0	98.604	0.0	1.0	3.48	0.38	595876.0	32.0	1.001	224716.0	224716.0	98.635	0.0	2.0	1.01	0.14	595876.0	31.0	1.001	268415.0	268415.0	98.806	0.0	1.0	5.44	0.48	486146.0	33.0	1.005	160824.0	160824.0	98.045	0.0	2.0	1.54	0.07	422157.0	45.0	1.001
GCF030262405v2	246903.0	246903.0	98.643	0.0	1.0	0.59	0.21	411979.0	38.0	1.003	246903.0	246903.0	98.657	0.0	2.0	0.66	0.21	609941.0	35.0	1.003	246903.0	246903.0	98.657	0.0	2.0	0.66	0.21	609941.0	36.0	1.003	246903.0	246903.0	98.955	0.0	2.0	1.2	0.31	610860.0	38.0	1.008	257368.0	257368.0	98.185	0.0	0.0	0.49	0.17	357985.0	32.0	1.0
GCF030408975v1	421258.0	421258.0	99.079	0.0	0.0	0.0	0.03	604921.0	65.0	1.011	421258.0	421258.0	99.108	0.0	0.0	0.0	0.03	622090.0	59.0	1.009	421258.0	421258.0	99.108	0.0	0.0	0.0	0.03	622090.0	59.0	1.01	421258.0	421258.0	99.067	1.0	0.0	5.26	0.03	606152.0	60.0	1.009	419418.0	419418.0	98.264	0.0	0.0	0.69	0.03	604753.0	56.0	1.001
GCF032765935v1	206341.0	221187.0	98.657	2.0	3.0	2.71	0.74	305471.0	39.0	1.0	206341.0	221187.0	98.653	3.0	4.0	9.51	1.67	538400.0	35.0	0.999	171591.0	171591.0	98.755	2.0	3.0	2.71	0.7	617531.0	35.0	1.0	200158.0	204506.0	98.796	3.0	3.0	10.0	1.7	299441.0	42.0	1.0	148728.0	224544.0	98.442	2.0	1.0	4.54	0.33	355183.0	31.0	1.0
GCF036492515v1	560785.0	560785.0	98.651	0.0	1.0	0.72	0.07	856998.0	38.0	1.0	560785.0	560785.0	98.733	0.0	1.0	0.72	0.07	856998.0	34.0	1.001	560785.0	560785.0	98.783	0.0	0.0	0.0	0.07	855470.0	37.0	1.001	543878.0	561287.0	98.954	1.0	1.0	3.44	0.07	799369.0	38.0	1.004	546308.0	546308.0	99.006	0.0	1.0	1.91	0.32	900647.0	13.0	1.0
GCF037076495v1	130304.0	130304.0	98.072	0.0	0.0	0.11	0.11	291756.0	65.0	1.004	156636.0	156636.0	98.097	0.0	0.0	0.11	0.11	291756.0	56.0	1.003	131623.0	131623.0	98.165	1.0	0.0	0.14	0.07	291448.0	63.0	1.005	156636.0	156636.0	98.251	3.0	0.0	1.91	0.32	292768.0	54.0	1.007	108123.0	108123.0	97.618	0.0	0.0	1.36	0.21	188273.0	116.0	1.003
GCF038024725v1	300717.0	300717.0	98.925	1.0	0.0	4.41	0.84	536465.0	42.0	1.003	300717.0	500574.0	98.934	2.0	0.0	4.69	0.84	536465.0	37.0	1.003	265412.0	424201.0	98.856	1.0	1.0	4.86	0.87	496429.0	53.0	1.004	294092.0	507175.0	98.923	1.0	0.0	8.18	0.98	536465.0	43.0	1.005	282837.0	282837.0	98.682	0.0	0.0	4.47	0.77	528713.0	36.0	1.001
GCF038024745v1	210127.0	312028.0	98.733	1.0	0.0	0.11	0.14	365350.0	35.0	1.002	250176.0	443640.0	98.733	1.0	0.0	0.11	0.14	539346.0	31.0	1.002	309958.0	310932.0	98.676	1.0	0.0	0.11	0.14	491173.0	27.0	1.002	249571.0	444596.0	98.9	1.0	0.0	0.18	0.14	539346.0	29.0	1.003	207007.0	207007.0	98.15	0.0	0.0	0.18	0.22	364102.0	29.0	1.0
GCF038024985v1	140296.0	140296.0	98.527	0.0	0.0	0.0	0.21	299517.0	59.0	1.002	140296.0	140296.0	98.536	1.0	0.0	0.0	0.21	312575.0	54.0	1.002	119281.0	119281.0	98.414	1.0	0.0	0.0	0.21	299152.0	65.0	1.003	141507.0	145542.0	99.015	2.0	0.0	4.11	0.39	387005.0	51.0	1.014	112541.0	112541.0	97.7	0.0	0.0	0.18	0.14	298936.0	51.0	1.001
GCF038025155v1	143839.0	143839.0	98.775	3.0	0.0	5.33	0.37	268360.0	85.0	1.009	143839.0	143839.0	98.703	3.0	0.0	5.36	0.37	268360.0	84.0	1.01	143839.0	143839.0	98.837	1.0	0.0	0.2	0.24	268360.0	91.0	1.009	178905.0	178905.0	98.873	4.0	0.0	12.16	0.47	309106.0	70.0	1.015	143726.0	143726.0	97.883	1.0	0.0	0.45	0.31	272693.0	80.0	1.001
GCF038427395v1	126826.0	126826.0	98.506	1.0	0.0	1.73	1.87	256004.0	57.0	1.004	140422.0	145197.0	98.523	1.0	0.0	1.73	1.87	256004.0	54.0	1.003	145304.0	145304.0	98.502	0.0	0.0	2.08	1.83	256004.0	61.0	1.003	140422.0	145197.0	99.065	1.0	0.0	1.54	1.34	256004.0	58.0	1.006	124938.0	124938.0	97.304	1.0	1.0	1.55	0.56	255217.0	74.0	1.0
GCF038428225v1	222906.0	222906.0	98.897	0.0	1.0	0.11	0.42	419119.0	63.0	1.005	227814.0	227814.0	98.897	0.0	1.0	0.11	0.46	419119.0	58.0	1.005	227814.0	227814.0	98.904	0.0	1.0	0.07	0.46	452110.0	58.0	1.005	277675.0	277675.0	99.163	0.0	2.0	1.84	0.63	537734.0	58.0	1.012	153346.0	153632.0	97.858	0.0	0.0	2.0	0.46	267293.0	61.0	1.0
GCF038429035v1	139021.0	139021.0	98.412	0.0	1.0	0.87	0.3	298605.0	59.0	1.004	140688.0	140688.0	98.521	0.0	1.0	0.87	0.3	298605.0	53.0	1.002	156328.0	156328.0	98.42	0.0	1.0	0.87	0.3	321382.0	52.0	1.003	132190.0	132190.0	98.576	0.0	1.0	1.67	0.4	298605.0	58.0	1.005	114043.0	114043.0	97.546	0.0	0.0	1.16	0.34	226580.0	64.0	1.0
GCF038429905v1	126513.0	126513.0	98.143	1.0	0.0	0.32	0.14	450503.0	53.0	1.003	168009.0	168009.0	98.169	1.0	0.0	0.32	0.14	450503.0	47.0	1.002	168009.0	168009.0	98.118	0.0	0.0	0.21	0.14	450503.0	50.0	1.003	149210.0	149210.0	98.354	1.0	0.0	1.34	0.14	450503.0	55.0	1.006	147659.0	147659.0	97.529	0.0	0.0	1.25	0.39	450417.0	60.0	1.0
GCF038430005v1	333362.0	333362.0	99.002	0.0	0.0	0.0	0.04	685979.0	32.0	1.001	440260.0	454283.0	99.084	3.0	0.0	0.0	0.04	686176.0	25.0	1.001	440260.0	454283.0	99.084	3.0	0.0	0.0	0.04	686176.0	25.0	1.001	399473.0	399473.0	99.307	2.0	0.0	0.6	0.11	686171.0	24.0	1.002	284599.0	284599.0	98.572	0.0	0.0	2.33	0.29	684208.0	33.0	1.0
GCF038430115v1	202909.0	202909.0	98.639	0.0	0.0	0.07	0.11	609386.0	39.0	1.001	290296.0	290296.0	98.658	0.0	0.0	0.07	0.18	609386.0	36.0	1.001	276627.0	276627.0	98.546	0.0	0.0	0.07	0.18	609386.0	40.0	1.002	203101.0	203101.0	98.81	0.0	0.0	0.6	0.14	609386.0	39.0	1.004	193052.0	193052.0	98.135	0.0	1.0	1.67	0.5	355466.0	41.0	1.0
GCF038788575v1	183683.0	183683.0	98.438	0.0	0.0	0.39	0.18	358333.0	40.0	1.002	183683.0	183683.0	98.438	0.0	0.0	0.39	0.18	358333.0	40.0	1.002	183683.0	183683.0	98.438	0.0	0.0	0.39	0.18	358333.0	40.0	1.002	183683.0	183683.0	98.672	1.0	0.0	1.16	0.18	358855.0	40.0	1.003	153351.0	153351.0	98.333	0.0	0.0	0.32	0.07	320406.0	44.0	1.001
GCF039830175v1	245424.0	245424.0	99.05	1.0	0.0	0.29	0.36	443684.0	29.0	1.001	265118.0	265118.0	99.05	1.0	0.0	0.32	0.32	443751.0	28.0	1.001	284402.0	284402.0	99.057	1.0	0.0	0.32	0.32	325622.0	28.0	1.001	245424.0	245424.0	99.23	1.0	0.0	0.68	0.32	444574.0	32.0	1.002	243931.0	243931.0	98.499	1.0	1.0	1.78	0.18	442868.0	30.0	1.0
GCF041714675v1	319085.0	319085.0	98.719	0.0	2.0	1.44	0.26	603864.0	33.0	1.004	319085.0	319085.0	98.719	0.0	2.0	1.44	0.26	603864.0	33.0	1.004	319085.0	319085.0	98.779	0.0	1.0	1.44	0.26	603864.0	36.0	1.005	266513.0	301171.0	98.84	1.0	2.0	1.81	0.18	445078.0	38.0	1.005	232895.0	232895.0	98.158	0.0	1.0	1.98	0.22	337136.0	40.0	1.0
GCF041733125v1	187853.0	187853.0	99.086	0.0	0.0	0.04	0.18	380393.0	31.0	1.002	326214.0	326214.0	99.121	0.0	0.0	0.04	0.18	406963.0	26.0	1.001	326214.0	326214.0	99.121	0.0	0.0	0.04	0.18	406963.0	26.0	1.001	327784.0	327784.0	99.382	0.0	0.0	0.11	0.18	417255.0	29.0	1.004	187397.0	187397.0	98.661	0.0	2.0	1.16	0.18	399043.0	30.0	1.0
GCF045346525v1	315588.0	315588.0	98.147	0.0	0.0	4.98	1.47	737803.0	20.0	1.001	315588.0	315588.0	98.175	0.0	0.0	4.98	1.47	737803.0	18.0	1.001	245947.0	312816.0	98.159	1.0	0.0	4.98	1.47	510590.0	24.0	1.001	313140.0	313140.0	98.206	0.0	0.0	4.97	1.47	511684.0	20.0	1.002	313139.0	313139.0	98.104	0.0	0.0	4.81	1.44	737803.0	16.0	1.0
GCF045346765v1	198770.0	225497.0	97.914	2.0	0.0	12.03	5.25	327906.0	57.0	1.004	226336.0	245967.0	97.934	2.0	0.0	12.0	5.21	553274.0	50.0	1.004	184568.0	184568.0	97.894	2.0	0.0	11.92	5.24	280033.0	57.0	1.005	226336.0	245967.0	97.881	2.0	0.0	12.94	5.36	558642.0	37.0	1.002	171473.0	171473.0	97.682	0.0	0.0	12.35	4.82	423362.0	37.0	1.001
GCF045347315v1	256480.0	256480.0	98.935	0.0	1.0	13.81	3.28	366909.0	78.0	1.013	284994.0	284994.0	98.942	0.0	1.0	13.86	3.29	366909.0	72.0	1.012	273544.0	273544.0	98.807	1.0	1.0	14.45	3.29	366186.0	83.0	1.012	284994.0	284994.0	99.072	1.0	1.0	16.47	3.45	366909.0	55.0	1.013	321339.0	321339.0	98.265	0.0	0.0	13.8	3.35	539925.0	47.0	1.001
GCF045347525v1	77166.0	77166.0	97.324	0.0	1.0	9.73	1.89	302146.0	72.0	1.001	77166.0	77166.0	97.329	0.0	1.0	9.76	1.92	302146.0	71.0	1.001	77166.0	77166.0	97.103	0.0	2.0	9.22	1.89	302048.0	79.0	1.002	77166.0	77166.0	97.606	0.0	1.0	9.73	1.92	302146.0	72.0	1.002	106210.0	106210.0	96.998	0.0	0.0	8.96	1.76	349751.0	66.0	1.0
GCF045348345v1	223616.0	249026.0	99.06	3.0	0.0	1.12	0.28	331455.0	31.0	1.005	223616.0	249026.0	99.06	3.0	0.0	1.12	0.28	331455.0	31.0	1.005	249026.0	249026.0	99.074	1.0	0.0	0.38	0.21	331455.0	31.0	1.005	242532.0	242532.0	99.174	2.0	0.0	4.56	0.28	332278.0	36.0	1.007	191771.0	191771.0	98.485	0.0	1.0	3.99	0.14	324049.0	45.0	1.001
GCF046268025v1	48982.0	48982.0	98.775	4.0	0.0	1.34	0.35	201259.0	127.0	1.002	53876.0	55432.0	98.811	4.0	0.0	1.37	0.39	249669.0	115.0	1.002	51574.0	53876.0	98.8	4.0	0.0	1.27	0.35	249669.0	127.0	1.002	51574.0	53876.0	98.852	5.0	0.0	2.67	0.53	249669.0	118.0	1.004	158959.0	158959.0	98.926	2.0	0.0	0.35	0.14	429253.0	39.0	1.0
GCF046268045v1	107706.0	107706.0	97.487	2.0	0.0	1.93	0.03	339427.0	102.0	1.009	113416.0	113416.0	97.574	2.0	0.0	1.93	0.03	339427.0	94.0	1.007	83883.0	83883.0	97.492	1.0	0.0	0.96	0.03	290549.0	131.0	1.012	113416.0	113416.0	97.582	2.0	0.0	1.69	0.03	339427.0	93.0	1.008	124890.0	124890.0	97.211	0.0	0.0	1.08	0.07	296547.0	182.0	1.002
GCF046741595v1	384195.0	384195.0	99.116	1.0	0.0	1.55	0.68	683428.0	18.0	1.0	384195.0	384195.0	99.126	0.0	0.0	7.74	0.32	683428.0	16.0	1.0	336183.0	336258.0	99.121	0.0	0.0	7.74	0.32	578203.0	17.0	1.0	384759.0	384759.0	99.341	0.0	0.0	1.36	0.43	683428.0	21.0	1.002	278485.0	278485.0	98.686	0.0	0.0	2.03	0.47	551922.0	30.0	1.0
GCF046741605v1	457596.0	468867.0	99.436	1.0	0.0	1.28	0.18	530206.0	22.0	1.003	457596.0	468867.0	99.436	1.0	0.0	1.28	0.18	530206.0	22.0	1.003	424205.0	424205.0	99.412	2.0	0.0	3.07	0.18	530206.0	22.0	1.003	469270.0	469270.0	99.516	0.0	0.0	1.2	0.15	988821.0	21.0	1.006	477034.0	477034.0	99.022	1.0	1.0	3.38	0.55	997127.0	16.0	1.0
GCF046741615v1	246761.0	246943.0	98.682	0.0	0.0	0.33	0.04	481784.0	29.0	1.001	246761.0	246943.0	98.682	0.0	0.0	0.33	0.04	481784.0	28.0	1.001	246731.0	246918.0	98.73	0.0	0.0	0.48	0.04	481784.0	30.0	1.0	203919.0	203919.0	98.744	0.0	0.0	0.41	0.04	306325.0	32.0	1.001	319579.0	319579.0	98.377	0.0	1.0	2.24	0.34	603431.0	19.0	1.0
GCF046741625v1	388970.0	388970.0	99.124	0.0	0.0	0.18	0.07	1036896.0	22.0	1.0	388970.0	388970.0	99.124	0.0	0.0	0.18	0.07	1036896.0	22.0	1.0	329305.0	329305.0	99.116	0.0	0.0	0.59	0.22	913356.0	23.0	1.0	314676.0	314676.0	99.336	0.0	0.0	0.62	0.11	934989.0	25.0	1.004	445579.0	445579.0	98.945	0.0	0.0	3.18	0.78	658273.0	16.0	1.0
GCF046741635v1	101737.0	101737.0	98.403	0.0	1.0	1.78	0.37	327403.0	98.0	1.015	127856.0	127856.0	98.424	0.0	1.0	1.75	0.37	327403.0	93.0	1.014	127856.0	127856.0	98.419	0.0	1.0	1.72	0.37	339613.0	92.0	1.014	114367.0	114367.0	98.57	0.0	1.0	2.32	0.37	327403.0	92.0	1.017	99448.0	99448.0	96.982	1.0	1.0	7.04	0.97	338351.0	132.0	1.001
GCF046741695v1	244950.0	244950.0	98.644	0.0	0.0	0.07	0.15	437209.0	29.0	1.001	319213.0	319213.0	98.653	0.0	0.0	0.07	0.18	467920.0	26.0	1.0	319213.0	319213.0	98.699	0.0	0.0	0.07	0.18	437209.0	27.0	1.0	159159.0	159159.0	98.707	0.0	0.0	0.18	0.15	329240.0	31.0	1.001	214181.0	214181.0	98.398	0.0	0.0	1.51	0.18	318648.0	32.0	1.0
GCF046741715v1	241364.0	241364.0	99.025	0.0	1.0	1.4	0.14	450930.0	35.0	1.004	241364.0	241364.0	99.025	0.0	1.0	1.4	0.11	450930.0	36.0	1.004	246015.0	246015.0	99.031	0.0	1.0	1.11	0.11	512584.0	35.0	1.004	238436.0	238436.0	99.107	0.0	0.0	1.64	0.11	450930.0	44.0	1.006	183829.0	183829.0	98.595	2.0	1.0	2.53	0.18	489189.0	35.0	1.0
GCF046741755v1	304910.0	304910.0	97.245	0.0	1.0	2.44	0.68	897572.0	41.0	1.001	304912.0	304912.0	97.236	0.0	1.0	2.44	0.68	898542.0	38.0	1.001	305369.0	305383.0	97.308	1.0	1.0	2.4	0.82	566198.0	36.0	1.001	304912.0	304912.0	97.31	1.0	1.0	2.65	0.72	898542.0	40.0	1.002	308411.0	308411.0	96.819	0.0	0.0	3.64	0.94	746551.0	30.0	1.0
GCF046741795v1	146506.0	146509.0	99.035	0.0	3.0	8.02	0.5	292149.0	36.0	1.008	174182.0	174215.0	99.035	0.0	3.0	8.02	0.5	292149.0	33.0	1.007	162024.0	162024.0	99.047	0.0	3.0	8.09	0.53	313755.0	34.0	1.007	144174.0	144174.0	99.28	0.0	3.0	1.31	0.32	292149.0	44.0	1.01	164109.0	210123.0	98.291	1.0	1.0	3.84	0.83	347136.0	39.0	1.0
GCF046741805v1	240274.0	240274.0	99.036	0.0	0.0	0.49	0.07	551977.0	42.0	1.002	240274.0	240274.0	99.0	0.0	0.0	0.49	0.07	551977.0	42.0	1.002	304625.0	304625.0	99.023	0.0	0.0	0.42	0.25	894714.0	42.0	1.003	235654.0	235677.0	99.244	0.0	0.0	1.47	0.07	348875.0	39.0	1.009	239687.0	317814.0	98.376	1.0	1.0	1.14	0.46	894174.0	31.0	1.001
GCF046741855v1	316110.0	316110.0	99.279	1.0	0.0	1.12	0.18	1098266.0	24.0	1.001	316110.0	316110.0	99.28	1.0	0.0	1.12	0.18	1098266.0	23.0	1.001	315570.0	315570.0	99.278	1.0	0.0	1.16	0.22	749711.0	26.0	1.001	315450.0	315450.0	99.353	2.0	0.0	1.7	0.29	623821.0	26.0	1.001	221801.0	221801.0	99.127	1.0	0.0	1.63	0.29	527245.0	22.0	1.0
GCF046741885v1	134441.0	134441.0	98.422	1.0	0.0	0.58	0.14	310250.0	71.0	1.003	134441.0	134441.0	98.488	1.0	0.0	0.65	0.14	310250.0	66.0	1.003	134441.0	134441.0	98.513	1.0	1.0	0.75	0.14	310250.0	68.0	1.003	168220.0	168220.0	98.642	1.0	1.0	5.72	0.34	434432.0	53.0	1.009	134571.0	134571.0	97.313	0.0	0.0	1.59	0.17	309661.0	64.0	1.0
GCF046741905v1	160697.0	160697.0	98.889	1.0	2.0	1.18	0.15	324171.0	44.0	1.002	180951.0	180951.0	98.983	1.0	2.0	1.18	0.15	323949.0	37.0	1.001	180951.0	180951.0	98.986	1.0	2.0	1.14	0.18	323949.0	37.0	1.001	182537.0	182537.0	99.291	1.0	2.0	2.18	0.22	325040.0	34.0	1.011	164039.0	164039.0	97.877	0.0	1.0	1.49	0.34	312420.0	42.0	1.0
GCF046741915v1	164724.0	164724.0	98.883	1.0	0.0	0.73	0.15	502926.0	44.0	1.001	197176.0	197176.0	98.93	1.0	0.0	0.76	0.15	502926.0	38.0	1.001	197176.0	197176.0	98.948	0.0	0.0	0.8	0.18	502664.0	41.0	1.001	198499.0	198499.0	99.481	0.0	0.0	1.43	0.14	504022.0	40.0	1.012	146362.0	146362.0	98.16	0.0	0.0	0.73	0.26	502515.0	37.0	1.0
GCF046741935v1	287467.0	287467.0	98.569	0.0	0.0	2.55	0.89	437170.0	26.0	1.001	287467.0	287467.0	98.565	0.0	0.0	2.47	0.89	654330.0	23.0	1.0	200518.0	200518.0	98.569	0.0	0.0	3.1	1.07	462877.0	27.0	1.001	221603.0	221603.0	98.668	0.0	0.0	2.03	0.88	654330.0	25.0	1.0	143089.0	143089.0	98.311	0.0	1.0	2.63	0.37	355193.0	39.0	1.0
GCF046741945v1	467174.0	467174.0	99.077	0.0	0.0	0.07	0.32	972260.0	30.0	1.002	467174.0	467174.0	99.077	0.0	0.0	0.07	0.32	972260.0	30.0	1.002	467174.0	467174.0	99.06	0.0	0.0	0.07	0.36	972260.0	27.0	1.002	468200.0	468200.0	99.52	0.0	0.0	0.29	0.32	1014440.0	34.0	1.004	249277.0	249277.0	98.773	0.0	0.0	1.88	0.51	599988.0	31.0	1.001
GCF046741965v1	304886.0	304886.0	98.929	0.0	0.0	0.7	0.15	806121.0	28.0	1.001	554359.0	554559.0	98.939	0.0	0.0	0.7	0.15	1108363.0	23.0	1.001	304894.0	304894.0	98.94	1.0	0.0	1.1	0.22	821795.0	25.0	1.001	304890.0	304890.0	98.958	0.0	0.0	1.39	0.11	806313.0	28.0	1.003	148123.0	148123.0	98.235	1.0	1.0	5.72	0.92	294382.0	38.0	1.001
GCF046741995v1	150680.0	150680.0	98.991	0.0	0.0	0.67	0.39	349536.0	48.0	1.001	160450.0	160490.0	98.998	0.0	0.0	0.67	0.39	349536.0	43.0	1.001	160450.0	160490.0	99.039	0.0	0.0	0.39	0.32	348693.0	43.0	1.001	167659.0	167659.0	99.249	0.0	0.0	1.95	0.38	349939.0	43.0	1.01	125405.0	125405.0	98.191	0.0	0.0	2.48	0.53	339811.0	64.0	1.0
GCF046742015v1	325385.0	325385.0	98.622	0.0	0.0	0.0	0.11	568996.0	28.0	1.0	325385.0	325385.0	98.631	0.0	0.0	0.21	0.21	568996.0	26.0	1.0	325385.0	325385.0	98.65	0.0	0.0	0.18	0.18	775425.0	25.0	1.0	326889.0	326889.0	98.989	0.0	0.0	0.39	0.21	722730.0	30.0	1.001	187286.0	187286.0	98.525	0.0	0.0	2.08	0.14	295347.0	34.0	1.0
GCF046742035v1	397940.0	397940.0	98.639	0.0	0.0	0.31	0.21	718213.0	36.0	1.002	451065.0	451077.0	98.699	0.0	0.0	0.31	0.21	1196237.0	32.0	1.002	451065.0	451077.0	98.668	0.0	0.0	0.21	0.21	1196237.0	31.0	1.002	451065.0	451077.0	98.813	0.0	0.0	0.56	0.21	718702.0	32.0	1.003	146588.0	146588.0	98.258	2.0	1.0	3.26	0.88	511204.0	41.0	1.001
GCF046742045v1	234414.0	234414.0	99.034	1.0	0.0	0.59	0.11	377241.0	31.0	1.004	234414.0	282605.0	99.036	1.0	0.0	0.59	0.15	377241.0	29.0	1.004	266162.0	266162.0	99.062	1.0	0.0	0.62	0.11	470228.0	29.0	1.004	234414.0	234414.0	99.293	0.0	0.0	0.51	0.11	374380.0	32.0	1.006	168746.0	187397.0	98.602	2.0	0.0	3.51	0.89	511137.0	40.0	1.0
GCF046742085v1	405749.0	405749.0	99.087	1.0	0.0	0.5	0.79	1030104.0	57.0	1.002	405749.0	405749.0	99.087	1.0	0.0	0.5	0.83	1030104.0	56.0	1.002	400870.0	402094.0	99.084	1.0	0.0	0.43	0.83	836483.0	56.0	1.002	406818.0	406818.0	99.303	1.0	0.0	0.57	0.82	1030104.0	55.0	1.005	231361.0	231361.0	98.783	0.0	1.0	1.77	0.29	1074397.0	48.0	1.0
GCF046742095v1	249920.0	249920.0	98.584	0.0	0.0	0.15	0.18	479855.0	28.0	1.001	319618.0	319618.0	98.584	0.0	0.0	0.15	0.18	611690.0	26.0	1.0	257839.0	257846.0	98.595	0.0	0.0	0.52	0.26	479855.0	27.0	1.0	210314.0	231145.0	98.608	1.0	0.0	4.27	1.07	380343.0	29.0	1.001	147116.0	157466.0	98.249	3.0	1.0	5.8	1.11	319778.0	28.0	1.0
GCF046742105v1	434655.0	434655.0	98.728	0.0	1.0	2.45	0.07	972940.0	30.0	1.0	434655.0	434655.0	98.728	0.0	1.0	2.31	0.11	972940.0	28.0	1.0	434655.0	434655.0	98.734	0.0	1.0	2.45	0.14	972940.0	29.0	1.001	293572.0	293572.0	98.896	0.0	1.0	5.38	0.22	899175.0	36.0	1.004	293730.0	293730.0	98.368	1.0	0.0	4.6	1.23	582506.0	29.0	1.0
GCF046742115v1	516933.0	516933.0	98.985	0.0	1.0	7.29	0.18	868211.0	25.0	1.001	516933.0	516933.0	98.998	0.0	1.0	7.29	0.18	975806.0	24.0	1.001	459433.0	459433.0	99.008	0.0	1.0	7.33	0.15	975740.0	26.0	1.001	515480.0	515480.0	99.106	0.0	1.0	0.44	0.15	982336.0	29.0	1.003	459951.0	459951.0	98.658	0.0	0.0	3.46	0.4	730294.0	25.0	1.0
GCF046742125v1	22546.0	22546.0	97.849	0.0	0.0	36.32	2.08	99971.0	369.0	1.03	50934.0	50934.0	97.946	2.0	0.0	37.13	2.12	139981.0	294.0	1.03	42441.0	42500.0	97.906	2.0	2.0	43.06	2.39	139981.0	342.0	1.04	50934.0	50934.0	97.989	2.0	0.0	37.15	2.12	139981.0	294.0	1.03	87317.0	87317.0	98.075	0.0	2.0	7.46	0.49	302213.0	133.0	1.003
GCF046742135v1	200380.0	200380.0	98.442	1.0	0.0	4.04	0.18	391095.0	77.0	1.008	200380.0	200380.0	98.33	1.0	0.0	7.04	0.43	391095.0	74.0	1.01	200380.0	200380.0	98.363	0.0	0.0	8.18	0.61	386973.0	80.0	1.01	202109.0	202109.0	98.666	2.0	0.0	6.4	0.39	391706.0	60.0	1.016	181778.0	181778.0	97.158	2.0	0.0	2.74	0.36	382685.0	74.0	1.001
GCF046742145v1	248358.0	248358.0	98.918	27.0	19.0	193.43	12.97	605181.0	646.0	1.456	248358.0	248358.0	98.921	30.0	19.0	200.12	14.18	796394.0	638.0	1.458	248369.0	248369.0	98.942	26.0	21.0	206.48	13.87	797464.0	686.0	1.489	248469.0	248469.0	99.05	30.0	21.0	201.11	14.14	796394.0	640.0	1.457	67253.0	67253.0	98.5	1.0	1.0	18.88	2.11	245194.0	155.0	1.006
GCF046742155v1	119674.0	119674.0	98.613	0.0	0.0	0.93	0.25	311332.0	50.0	1.003	119674.0	119674.0	98.626	0.0	0.0	0.93	0.25	311332.0	48.0	1.003	119674.0	145111.0	98.618	2.0	0.0	4.06	0.79	311332.0	45.0	1.003	235107.0	257216.0	98.936	1.0	0.0	5.04	0.75	369983.0	42.0	1.012	92711.0	92711.0	97.214	1.0	0.0	4.02	1.5	228699.0	49.0	1.0
GCF047801365v1	197533.0	197533.0	98.798	0.0	0.0	0.0	0.04	483642.0	43.0	1.002	198455.0	198455.0	98.803	0.0	0.0	0.0	0.04	621402.0	38.0	1.002	175080.0	175080.0	98.824	0.0	0.0	0.04	0.04	487631.0	39.0	1.002	199615.0	199615.0	99.06	0.0	0.0	0.43	0.07	483642.0	39.0	1.007	196476.0	196476.0	98.187	0.0	0.0	0.07	0.0	483838.0	39.0	1.0
GCF047801375v1	96039.0	96039.0	98.113	0.0	0.0	0.4	0.29	214448.0	59.0	1.002	104289.0	104289.0	98.1	1.0	0.0	0.4	0.33	214448.0	54.0	1.002	104289.0	104289.0	98.085	1.0	0.0	0.4	0.25	214448.0	62.0	1.002	111607.0	111607.0	99.416	0.0	0.0	0.82	0.46	260967.0	56.0	1.01	95857.0	95857.0	97.481	0.0	1.0	0.55	0.15	213855.0	55.0	1.001
GCF047801595v1	243662.0	243662.0	99.062	0.0	0.0	6.07	0.76	591251.0	57.0	1.008	247472.0	247472.0	98.961	0.0	0.0	7.88	0.76	628906.0	54.0	1.008	247472.0	247472.0	99.078	0.0	0.0	6.67	0.76	628906.0	54.0	1.007	248523.0	248523.0	99.216	0.0	0.0	14.48	0.82	591251.0	46.0	1.013	222157.0	222157.0	98.236	0.0	0.0	0.53	0.0	443457.0	70.0	1.001
GCF047801755v1	224459.0	224459.0	98.79	1.0	0.0	1.19	0.07	607411.0	46.0	1.006	226090.0	226090.0	98.79	1.0	0.0	1.19	0.07	607411.0	42.0	1.006	224459.0	224459.0	98.787	1.0	0.0	0.03	0.07	607411.0	44.0	1.006	226009.0	226009.0	98.846	1.0	0.0	2.72	0.07	608234.0	42.0	1.01	222236.0	222236.0	98.238	0.0	0.0	0.66	0.03	625316.0	40.0	1.001
GCF047801845v1	219572.0	219572.0	99.087	1.0	0.0	0.03	0.07	459230.0	43.0	1.008	324292.0	324292.0	99.087	2.0	0.0	0.21	0.07	485252.0	39.0	1.006	324857.0	324857.0	99.078	2.0	0.0	0.21	0.07	485252.0	41.0	1.006	325022.0	325022.0	99.196	2.0	0.0	0.55	0.07	486905.0	38.0	1.007	226422.0	226422.0	98.714	0.0	1.0	0.07	0.1	460091.0	35.0	1.001
GCF047801865v1	176721.0	176721.0	97.639	0.0	0.0	0.0	0.07	430405.0	51.0	1.009	389241.0	389241.0	97.607	0.0	0.0	0.0	0.07	454438.0	46.0	1.008	389241.0	389241.0	97.607	0.0	0.0	0.0	0.07	454438.0	46.0	1.008	389917.0	389917.0	97.815	2.0	0.0	0.8	0.1	548767.0	43.0	1.009	174682.0	174682.0	97.113	0.0	0.0	0.04	0.07	427875.0	37.0	1.001
GCF047801975v1	443839.0	443839.0	98.755	1.0	0.0	0.82	0.07	607301.0	64.0	1.011	443844.0	443844.0	98.758	1.0	0.0	0.82	0.07	607301.0	61.0	1.01	282277.0	282277.0	98.725	1.0	0.0	0.17	0.07	583400.0	66.0	1.011	444667.0	444667.0	98.771	2.0	0.0	3.6	0.17	608124.0	52.0	1.01	443652.0	443652.0	97.99	0.0	0.0	0.38	0.03	625210.0	51.0	1.001
GCF047802145v1	1013268.0	1013268.0	99.182	0.0	0.0	0.0	0.0	1342020.0	13.0	1.0	1013268.0	1013268.0	99.182	0.0	0.0	0.0	0.0	1342020.0	13.0	1.0	577672.0	577672.0	99.111	0.0	0.0	0.04	0.04	841343.0	16.0	1.0	566170.0	566170.0	99.245	0.0	0.0	1.55	0.0	1013268.0	19.0	1.001	565803.0	565803.0	99.08	0.0	0.0	0.11	0.0	1013170.0	20.0	1.0
GCF047802195v1	212588.0	212588.0	99.169	2.0	0.0	2.09	0.38	719180.0	57.0	1.012	689866.0	692352.0	99.165	2.0	0.0	2.09	0.38	755415.0	52.0	1.01	422314.0	422314.0	99.224	1.0	0.0	2.09	0.38	689866.0	58.0	1.009	689866.0	692352.0	99.256	2.0	0.0	6.84	0.73	756224.0	49.0	1.013	213441.0	213441.0	98.273	0.0	0.0	0.14	0.11	717287.0	46.0	1.001
GCF047824245v1	357806.0	357806.0	98.921	0.0	0.0	0.11	0.04	745667.0	27.0	1.002	745667.0	745667.0	98.893	0.0	0.0	0.11	0.04	1023755.0	25.0	1.003	745667.0	745667.0	98.909	0.0	0.0	0.11	0.04	1023755.0	25.0	1.002	745667.0	745667.0	99.057	0.0	0.0	0.63	0.1	1023755.0	30.0	1.004	320445.0	320445.0	98.72	0.0	1.0	0.42	0.18	654442.0	26.0	1.0
GCF048820375v1	249070.0	249070.0	99.145	0.0	0.0	0.47	0.14	550149.0	33.0	1.005	435419.0	435419.0	99.145	0.0	0.0	0.47	0.14	597418.0	32.0	1.004	435385.0	435385.0	99.139	0.0	0.0	0.47	0.18	597390.0	32.0	1.004	249070.0	249070.0	99.45	0.0	0.0	0.46	0.18	549902.0	36.0	1.006	196680.0	196680.0	98.398	0.0	0.0	1.45	0.22	370643.0	43.0	1.0
GCF052377705v1	65112.0	65112.0	98.518	0.0	1.0	0.81	0.7	163012.0	84.0	1.001	112511.0	112511.0	98.534	1.0	2.0	2.59	0.81	239915.0	64.0	1.001	110978.0	110978.0	98.527	1.0	1.0	1.92	0.33	242368.0	58.0	1.001	108640.0	108640.0	98.664	1.0	2.0	4.6	0.77	240114.0	71.0	1.003	112356.0	112356.0	98.549	1.0	0.0	4.8	0.44	248018.0	50.0	1.0
GCF054392195v1	51317.0	52028.0	96.93	9.0	0.0	5.16	1.54	256508.0	104.0	1.003	61339.0	76870.0	96.962	9.0	1.0	5.22	1.61	256508.0	87.0	1.003	60579.0	77884.0	97.099	6.0	0.0	4.34	1.54	271498.0	89.0	1.002	55656.0	61339.0	97.176	7.0	0.0	7.44	1.36	256508.0	110.0	1.005	91967.0	109357.0	96.711	5.0	0.0	4.23	1.27	204886.0	58.0	1.0
GCF055379745v1	60174.0	60174.0	97.107	0.0	0.0	0.04	0.04	164765.0	78.0	1.001	70671.0	70671.0	97.112	0.0	0.0	0.04	0.04	164765.0	75.0	1.001	64758.0	64758.0	97.355	0.0	0.0	0.04	0.04	164765.0	79.0	1.001	70671.0	70671.0	97.412	0.0	0.0	0.55	0.04	165478.0	80.0	1.001	36798.0	36798.0	96.286	0.0	0.0	0.37	0.04	79102.0	154.0	1.002
GCF055391865v1	207712.0	207712.0	98.555	0.0	0.0	0.0	0.0	302748.0	42.0	1.003	207712.0	207712.0	98.555	0.0	0.0	0.0	0.0	302748.0	42.0	1.003	207712.0	207712.0	98.555	0.0	0.0	0.0	0.0	302748.0	43.0	1.003	224854.0	224854.0	98.796	0.0	0.0	0.22	0.0	303878.0	42.0	1.008	207484.0	207484.0	97.89	0.0	0.0	0.37	0.15	302662.0	45.0	1.001
GCF055392225v1	114753.0	114753.0	98.517	0.0	0.0	0.04	0.04	322529.0	63.0	1.003	114753.0	114753.0	98.537	0.0	0.0	0.04	0.04	322529.0	60.0	1.002	109483.0	109483.0	98.525	0.0	0.0	0.0	0.07	319355.0	63.0	1.003	215564.0	215564.0	99.145	0.0	0.0	0.84	0.28	463291.0	50.0	1.008	114669.0	114669.0	97.792	0.0	0.0	0.0	0.0	312056.0	59.0	1.001
GCF055393085v1	571516.0	571516.0	98.975	0.0	0.0	0.36	0.47	836724.0	19.0	1.0	571516.0	665595.0	98.978	1.0	0.0	0.55	0.47	836724.0	17.0	1.0	323571.0	538617.0	98.947	1.0	0.0	0.62	0.47	836724.0	25.0	1.0	349760.0	665595.0	98.992	1.0	0.0	0.55	0.47	836724.0	18.0	1.0	330269.0	330269.0	98.964	0.0	0.0	0.44	0.47	673363.0	15.0	1.0
GCF055394555v1	212410.0	212410.0	98.654	0.0	0.0	0.98	0.49	342975.0	32.0	1.002	212410.0	212410.0	98.662	1.0	1.0	1.68	0.49	463595.0	31.0	1.002	314317.0	314896.0	98.696	0.0	0.0	0.56	0.28	565314.0	26.0	1.002	170974.0	170974.0	98.787	2.0	1.0	3.05	0.6	608190.0	37.0	1.002	116059.0	116059.0	98.308	0.0	0.0	2.68	0.81	261492.0	41.0	1.0
GCF055396015v1	270913.0	270913.0	98.842	0.0	0.0	0.59	0.55	560764.0	22.0	1.001	270913.0	270913.0	98.842	0.0	0.0	0.59	0.55	560764.0	22.0	1.001	270971.0	270971.0	98.901	0.0	0.0	0.48	0.26	494389.0	19.0	1.0	273170.0	273170.0	99.226	0.0	0.0	0.84	0.62	494406.0	29.0	1.003	244821.0	244821.0	98.411	0.0	1.0	2.62	0.81	308297.0	27.0	1.0
GCF055396615v1	315045.0	315045.0	98.802	0.0	0.0	0.76	0.36	607026.0	25.0	1.0	315045.0	315045.0	98.802	0.0	0.0	0.76	0.36	607026.0	24.0	1.0	315647.0	542221.0	98.866	1.0	0.0	0.47	0.33	1135617.0	16.0	1.0	272435.0	272435.0	98.866	1.0	1.0	2.28	0.51	608191.0	29.0	1.0	162715.0	162715.0	98.589	0.0	1.0	3.38	0.8	347145.0	32.0	1.0
GCF057501925v1	320102.0	320102.0	98.782	1.0	0.0	5.81	0.92	910354.0	22.0	1.0	320102.0	320102.0	98.782	1.0	0.0	5.81	0.92	910354.0	22.0	1.0	319718.0	319718.0	98.767	1.0	0.0	5.59	0.92	590085.0	23.0	1.0	320318.0	320318.0	98.884	2.0	0.0	6.39	0.92	723052.0	26.0	1.001	212871.0	212871.0	98.418	2.0	1.0	7.05	1.14	385808.0	31.0	1.0
GCF057584795v1	613710.0	613710.0	99.185	0.0	0.0	0.04	0.29	1346589.0	13.0	1.0	932385.0	932385.0	99.188	0.0	0.0	0.04	0.29	1346589.0	12.0	1.0	932385.0	932385.0	99.188	0.0	0.0	0.04	0.29	1346589.0	12.0	1.0	321895.0	321895.0	99.489	0.0	0.0	0.36	0.25	1345438.0	18.0	1.003	338648.0	338648.0	98.906	1.0	0.0	1.2	0.22	460455.0	20.0	1.0
GCF900607255v1	17560.0	17560.0	96.786	0.0	0.0	8.76	2.31	69878.0	374.0	1.004	18830.0	18830.0	96.788	0.0	0.0	9.0	2.35	69878.0	359.0	1.004	18155.0	18155.0	96.963	0.0	1.0	5.52	1.92	69878.0	358.0	1.005	19084.0	19084.0	97.414	1.0	1.0	16.01	2.51	69878.0	356.0	1.015	37115.0	37770.0	96.621	3.0	0.0	6.27	1.65	113839.0	182.0	1.001
GCF900607265v1	46530.0	46530.0	98.031	0.0	2.0	2.7	0.56	168947.0	169.0	1.005	46530.0	46530.0	98.063	0.0	2.0	2.54	0.56	172514.0	159.0	1.004	46530.0	46530.0	98.073	0.0	1.0	0.59	0.3	172514.0	163.0	1.004	46530.0	46530.0	98.511	0.0	2.0	4.46	0.72	144585.0	169.0	1.011	109546.0	109546.0	97.465	1.0	0.0	1.83	0.43	248564.0	96.0	1.001
GCF900607275v1	45812.0	45812.0	98.266	0.0	0.0	0.8	0.48	112938.0	146.0	1.003	45812.0	45812.0	98.231	0.0	0.0	0.76	0.48	150619.0	141.0	1.003	50361.0	50361.0	98.389	0.0	1.0	1.24	0.28	150619.0	137.0	1.004	49056.0	49056.0	98.313	1.0	0.0	5.09	0.69	150619.0	140.0	1.01	64471.0	64471.0	96.925	1.0	0.0	1.76	0.42	350004.0	91.0	1.0
GCF900607285v1	33351.0	33351.0	97.929	0.0	1.0	2.87	0.45	109828.0	225.0	1.004	37077.0	37077.0	97.94	0.0	4.0	3.5	0.45	138996.0	200.0	1.004	37077.0	37077.0	98.096	0.0	2.0	2.49	0.42	138996.0	196.0	1.004	37077.0	37077.0	98.248	0.0	4.0	4.04	0.66	138996.0	204.0	1.005	51839.0	51839.0	97.266	0.0	2.0	3.61	0.84	161159.0	1717.0	1.0
GCF900607305v1	81735.0	81735.0	98.801	0.0	0.0	0.03	0.4	200316.0	93.0	1.003	97167.0	97167.0	98.803	0.0	0.0	0.03	0.4	219587.0	90.0	1.003	97167.0	97167.0	98.833	0.0	0.0	0.03	0.4	219587.0	94.0	1.003	97167.0	97167.0	98.917	0.0	0.0	0.33	0.4	219587.0	90.0	1.005	141528.0	141528.0	98.199	0.0	0.0	1.82	0.64	442707.0	61.0	1.0
GCF900620215v1	330127.0	387518.0	98.945	1.0	0.0	0.26	0.07	503182.0	26.0	1.0	451480.0	451480.0	98.951	1.0	0.0	0.26	0.07	503182.0	23.0	1.0	319651.0	431333.0	98.947	1.0	0.0	0.26	0.11	451480.0	24.0	1.0	330127.0	416546.0	99.125	2.0	0.0	3.08	0.15	453726.0	25.0	1.001	299377.0	299377.0	98.821	1.0	0.0	1.03	0.55	518171.0	23.0	1.0
GCF900620255v1	328061.0	328061.0	99.014	1.0	0.0	0.24	0.14	939266.0	36.0	1.0	328061.0	328061.0	99.018	1.0	0.0	0.24	0.14	939266.0	34.0	1.001	304603.0	304603.0	98.997	0.0	0.0	0.03	0.1	878322.0	39.0	1.001	235887.0	235887.0	99.07	0.0	1.0	0.72	0.17	951725.0	37.0	1.002	148044.0	148044.0	98.517	0.0	0.0	2.09	0.42	400320.0	41.0	1.0
GCF903932595v1	165828.0	165828.0	98.523	1.0	0.0	1.44	0.13	373502.0	83.0	1.018	165828.0	165828.0	98.556	3.0	0.0	1.44	0.13	373502.0	75.0	1.017	169620.0	169620.0	98.598	2.0	0.0	1.14	0.13	373502.0	81.0	1.018	165954.0	165954.0	98.755	1.0	1.0	2.94	0.13	373502.0	80.0	1.021	111834.0	111834.0	97.152	0.0	0.0	2.11	0.21	322907.0	84.0	1.001
